1592	0.00125628140704	0.0207286432161	0.176507537688	99	26	36	53	154	24	23	71	90	1	12	62	28	91	102	22	0	89	66	107	30	12	36	3	28	0	0	296	0.425675675676	0.808417085427	98.5625	18.5	181	141	18	8	42	76	47	23	23	20	17	14	9	2	1	0	0	0	0	0	0	0	0	0	24	126	0	15	1	15.0	1592.0	296.0	0	0	0	1	1
2838	0.00176180408739	0.0288935870331	0.18851303735	196	37	62	78	266	55	71	105	165	2	25	99	70	151	171	43	1	95	116	215	63	32	40	1	39	1	2	590	0.386440677966	0.795983086681	150.444444444	32.7777777778	292	215	37	24	101	103	116	67	48	32	23	8	8	2	1	0	2	1	0	0	0	0	0	0	45	236	0	17	1	17.0	2838.0	590.0	0	0	0	4	1
9939	0.00653989334943	0.0335043766979	0.173458094376	680	132	201	336	902	145	141	376	564	13	61	255	209	585	563	206	11	496	492	843	204	69	141	11	134	3	23	1855	0.364420485175	0.799979877251	94.5673076923	17.8365384615	748	534	97	67	255	348	307	217	145	165	84	56	42	15	9	7	0	0	2	0	0	0	0	0	280	674	0	103	1	103.0	9939.0	1855.0	0	15	0	79	0
3305	0.00665658093797	0.028139183056	0.161573373676	231	39	107	106	320	47	39	125	164	7	25	110	62	200	193	79	2	180	161	282	75	27	47	1	37	2	6	536	0.35447761194	0.814523449319	131.24	21.44	274	189	37	17	79	93	91	48	44	57	42	33	13	8	3	2	3	0	1	0	0	0	0	0	79	209	0	24	1	24.0	3305.0	536.0	0	16	0	12	0
8794	0.00625426427109	0.0476461223562	0.153172617694	604	122	259	341	779	156	129	309	589	10	27	304	146	556	506	154	6	454	432	697	225	83	94	27	124	5	25	1426	0.323983169705	0.827496020014	106.219512195	17.3902439024	634	453	98	30	191	241	170	143	120	139	84	89	57	36	20	18	9	1	0	0	0	0	0	0	178	483	0	81	1	81.0	8794.0	1426.0	0	0	0	21	0
1478	0.00135317997294	0.0392422192152	0.190798376184	89	12	33	46	152	16	21	85	79	2	10	44	34	64	87	23	0	79	59	113	29	11	33	2	23	0	2	299	0.42474916388	0.790257104195	94.6666666667	19.9333333333	172	126	20	20	47	58	52	39	28	10	7	17	3	0	0	0	0	0	0	0	0	0	0	0	30	121	0	14	1	14.0	1478.0	299.0	0	0	0	0	1
10532	0.000854538549183	0.0219331560957	0.16748955564	751	112	261	349	1006	170	179	421	578	8	61	329	210	578	604	182	1	500	549	814	248	98	186	6	162	6	19	1899	0.349657714587	0.808488416255	115.922222222	21.1	771	533	113	65	261	337	305	205	162	145	102	89	42	20	10	4	8	6	1	0	1	0	1	0	257	687	0	89	1	89.0	10532.0	1899.0	0	2	0	22	0
1675	0.0262686567164	0.044776119403	0.154029850746	92	13	41	48	148	24	33	49	95	6	18	63	43	80	79	40	3	89	93	129	46	5	18	2	22	1	9	285	0.308771929825	0.80776119403	51.375	8.90625	172	135	17	12	39	37	42	29	22	26	16	18	6	3	4	1	0	0	1	0	0	1	0	0	73	82	0	31	1	31.0	1675.0	285.0	0	0	11	0
3610	0.0	0.016620498615	0.176731301939	241	54	81	117	331	61	61	136	214	12	21	109	71	210	231	70	1	145	177	283	92	33	66	5	38	2	3	679	0.377025036819	0.804709141274	108.424242424	20.5757575758	321	230	39	23	119	114	127	75	43	53	31	31	12	4	1	5	0	0	0	0	0	0	0	0	70	299	0	32	1	32.0	3610.0	679.0	0	0	2	1
1635	0.00489296636086	0.0428134556575	0.160244648318	123	24	43	56	154	32	25	52	99	1	13	54	21	89	97	27	0	97	91	111	39	14	27	0	20	0	8	273	0.384615384615	0.812844036697	67.125	11.375	166	124	25	7	45	53	37	15	28	21	21	21	8	2	3	0	0	0	0	0	0	0	2	0	45	102	0	23	1	23.0	1635.0	273.0	0	0	5	0
995	0.00201005025126	0.0321608040201	0.172864321608	68	7	35	30	105	22	12	52	46	3	5	18	16	60	57	21	1	45	53	85	14	5	14	0	14	0	9	175	0.462857142857	0.795979899497	163.333333333	29.1666666667	106	78	17	8	28	42	20	21	8	14	12	9	4	2	1	0	0	0	0	0	0	0	1	0	33	70	0	5	1	5.0	995.0	175.0	0	4	0	0
194	0.020618556701	0.0979381443299	0.154639175258	7	4	6	2	26	4	1	3	8	0	2	4	0	17	12	5	0	15	12	14	2	2	4	2	2	0	1	31	0.387096774194	0.819587628866	34.2	6.2	25	20	2	1	2	8	4	3	0	2	7	2	0	1	0	0	0	0	0	0	0	0	0	0	5	6	0	4	1	4.0	194.0	31.0	0	0	0	0
2088	0.0	0.0282567049808	0.170498084291	150	37	38	74	197	19	39	90	132	3	19	57	46	103	103	42	0	87	106	163	48	12	32	6	32	1	8	374	0.328877005348	0.79214559387	89.7826086957	16.2608695652	204	143	25	14	49	58	71	57	41	23	18	8	6	5	4	1	0	0	0	0	0	0	0	0	81	147	0	22	1	22.0	2088.0	374.0	0	23	9	0
1447	0.0	0.0234968901175	0.163096060815	87	23	61	47	144	25	9	69	114	0	3	33	21	76	73	15	5	79	85	123	37	8	18	4	22	0	2	247	0.36032388664	0.823082239115	95.3333333333	16.4666666667	144	107	17	4	44	41	31	34	25	11	17	7	6	11	4	1	1	0	0	0	0	0	0	0	22	107	0	14	1	14.0	1447.0	247.0	0	0	2	1
1964	0.0117107942974	0.0651731160896	0.16700610998	117	45	34	50	204	29	33	69	117	9	21	71	43	111	114	29	1	75	101	130	26	23	35	3	37	5	12	352	0.318181818182	0.809063136456	102.421052632	18.5263157895	227	174	35	14	47	49	68	47	29	28	11	16	7	5	1	1	1	0	0	0	0	1	1	0	60	114	0	18	1	18.0	1964.0	352.0	0	0	0	0
1557	0.0	0.0366088631985	0.173410404624	123	21	46	36	123	21	27	72	99	6	12	59	45	74	70	35	0	73	79	114	39	11	19	2	20	2	2	294	0.326530612245	0.803468208092	80.0	15.4736842105	168	124	22	4	43	49	52	54	16	22	16	6	5	1	1	1	0	0	0	0	1	0	0	0	40	98	0	18	1	18.0	1557.0	294.0	0	0	9	0
19878	0.00226380923634	0.0242479122648	0.170993057652	1329	179	474	628	1981	340	253	756	1159	20	83	574	420	1179	1264	319	20	1148	1097	1458	485	172	339	17	255	13	16	3482	0.415565766801	0.808984807325	113.907514451	20.1271676301	1206	834	164	63	608	770	483	355	301	263	200	157	91	52	30	13	6	2	0	0	0	0	0	0	423	1572	0	172	1	172.0	19878.0	3482.0	0	0	64	0
1343	0.00297840655249	0.0335070737156	0.162323157111	103	15	41	49	137	10	11	59	78	1	5	46	20	89	74	23	0	65	64	108	37	7	20	1	17	1	0	226	0.336283185841	0.80938198064	110.25	18.8333333333	149	118	16	4	34	38	42	22	20	23	12	9	8	3	1	2	1	0	0	0	0	0	0	0	40	84	0	11	1	11.0	1343.0	226.0	0	8	5	0
2626	0.00571210967251	0.0384615384615	0.156511805027	200	24	69	83	209	42	48	83	166	4	15	102	49	172	157	78	2	136	124	200	66	19	32	3	34	1	14	422	0.300947867299	0.816450875857	100.038461538	16.2307692308	248	189	33	19	43	62	63	50	47	43	37	18	13	3	7	2	1	0	0	0	0	0	0	0	81	142	0	25	1	25.0	2626.0	422.0	1	8	18	0
2661	0.0	0.0266816986095	0.165727170237	182	28	85	68	250	39	34	110	172	2	21	79	42	160	166	55	1	113	150	225	66	17	36	2	20	1	2	448	0.354910714286	0.80120255543	146.388888889	24.8888888889	226	165	23	12	77	70	86	58	41	30	23	17	10	5	0	10	1	2	0	0	0	0	0	0	91	191	0	17	1	17.0	2661.0	448.0	0	32	3	0
898	0.0601336302895	0.0523385300668	0.155902004454	51	12	33	27	84	14	11	28	47	4	2	27	21	49	49	17	1	40	39	58	24	8	11	2	9	0	2	143	0.272727272727	0.806236080178	126.142857143	20.4285714286	98	79	9	4	14	21	34	12	19	8	13	9	3	0	4	0	0	0	0	0	0	0	0	0	35	42	0	6	1	6.0	898.0	143.0	0	8	0	0
2133	0.00515705578997	0.0337552742616	0.164088138772	161	32	53	74	190	23	35	88	102	3	16	47	50	130	135	39	1	105	111	157	53	13	39	2	37	1	2	370	0.348648648649	0.808251289264	123.941176471	21.7647058824	202	145	30	15	53	61	52	41	38	41	14	16	7	6	0	3	2	0	1	1	0	0	0	0	65	145	0	16	1	16.0	2133.0	370.0	0	9	12	0
2804	0.00285306704708	0.0342368045649	0.176890156919	150	25	53	87	267	51	37	136	154	4	28	112	46	162	201	52	4	135	138	207	68	24	54	3	32	0	2	510	0.401960784314	0.803138373752	86.65625	15.9375	266	184	41	14	87	104	97	49	40	46	23	15	12	2	8	0	0	0	0	0	0	0	0	0	60	233	0	31	1	31.0	2804.0	510.0	0	0	15	1
1936	0.00619834710744	0.0413223140496	0.17458677686	117	22	41	58	182	24	33	90	99	1	12	92	38	125	126	48	0	78	93	159	32	15	39	4	17	1	0	346	0.390173410405	0.808367768595	79.7083333333	14.4166666667	202	152	22	7	57	71	56	36	37	36	16	11	6	6	0	0	0	0	0	0	0	0	0	0	33	139	0	23	1	23.0	1936.0	346.0	0	0	7	1
31793	0.00166703362375	0.0335923001919	0.171673009782	2103	341	690	887	3039	502	637	1272	1900	47	215	913	710	1904	1841	631	32	1507	1689	2177	704	266	589	34	481	30	71	5891	0.369037514853	0.806057937282	109.01384083	20.384083045	1721	1146	226	172	893	1103	908	594	559	480	281	167	130	68	58	26	7	3	2	1	0	1	0	0	773	2207	0	288	1	288.0	31793.0	5891.0	0	2	45	0
2231	0.00448229493501	0.0412371134021	0.166741371582	158	36	51	74	221	25	39	66	133	4	9	75	31	122	146	31	0	160	104	192	45	13	24	6	29	5	0	388	0.322164948454	0.818018825639	116.473684211	20.4210526316	217	151	35	9	55	61	62	38	59	43	18	14	4	4	4	0	2	0	0	0	0	0	0	0	35	140	0	18	1	18.0	2231.0	388.0	0	0	5	1
1908	0.00314465408805	0.0314465408805	0.180293501048	96	22	24	77	163	16	48	113	110	6	18	67	24	100	119	22	1	81	94	153	62	16	47	1	39	1	1	355	0.414084507042	0.80607966457	94.45	17.75	216	159	34	9	52	86	62	40	38	23	17	4	8	3	1	0	0	0	1	1	0	0	0	0	31	154	0	19	1	19.0	1908.0	355.0	0	0	0	1
3104	0.00289948453608	0.0457474226804	0.163337628866	237	31	95	87	263	69	49	94	205	8	15	130	56	206	186	44	1	156	186	235	52	32	38	2	30	3	11	524	0.362595419847	0.81668814433	109.892857143	18.7142857143	270	182	57	13	83	94	75	47	33	55	53	27	21	5	2	0	0	0	0	0	0	0	0	0	69	202	0	27	1	27.0	3104.0	524.0	0	0	13	1
12249	0.00849048901951	0.0286554004409	0.164666503388	824	166	304	428	1258	177	232	525	721	19	115	405	239	713	659	190	13	572	618	872	246	90	211	19	159	15	21	2121	0.340876944837	0.815658421096	117.932038835	20.5922330097	925	665	121	70	294	358	316	219	234	189	122	97	51	29	19	13	3	0	1	1	0	0	0	0	266	757	0	102	1	102.0	12249.0	2121.0	0	0	16	0
10261	0.00613975246077	0.0308936750804	0.165870772829	808	133	234	323	928	151	142	393	688	12	52	341	194	564	578	157	8	514	639	733	242	89	151	13	123	8	23	1733	0.35372186959	0.810057499269	97.5769230769	16.6634615385	754	534	110	47	253	313	281	213	168	147	114	84	36	20	15	8	2	0	1	0	1	0	0	0	258	692	0	103	1	103.0	10261.0	1733.0	0	29	18	0
984	0.0213414634146	0.030487804878	0.161585365854	54	14	23	22	104	22	13	31	57	2	9	31	24	47	58	16	3	62	53	62	26	7	13	2	17	0	6	170	0.305882352941	0.816056910569	80.7272727273	15.4545454545	108	82	13	2	28	22	24	23	20	16	7	10	4	0	3	0	1	0	0	0	0	0	0	0	25	48	0	10	1	10.0	984.0	170.0	0	0	0	1
1152	0.0	0.0321180555556	0.167534722222	68	11	32	33	98	17	21	39	72	2	9	43	19	70	80	25	0	60	60	87	27	7	17	0	24	1	2	202	0.351485148515	0.803819444444	141.875	25.25	138	106	20	4	34	32	39	18	22	17	11	9	2	0	1	1	1	0	1	1	0	0	0	0	37	82	0	7	1	7.0	1152.0	202.0	0	10	1	0
2306	0.0182133564614	0.0351257588899	0.163920208153	154	31	74	53	216	30	46	79	113	2	5	82	47	165	145	37	1	117	99	188	36	32	40	0	28	1	3	397	0.324937027708	0.816131830009	121.833333333	22.0555555556	220	159	35	11	55	63	71	50	33	28	25	22	3	10	4	2	0	1	0	1	0	0	0	0	59	124	0	17	1	17.0	2306.0	397.0	0	0	4	0
1709	0.0081919251024	0.0286717378584	0.176126389702	97	19	30	50	151	20	32	77	113	5	14	52	23	86	105	26	2	80	92	144	35	10	29	4	25	2	7	328	0.341463414634	0.798712697484	76.5909090909	14.9090909091	200	159	15	13	55	44	64	41	28	25	9	12	5	2	1	0	3	0	0	0	0	0	0	0	48	135	0	21	1	21.0	1709.0	328.0	0	0	3	0
2071	0.00289715113472	0.0502172863351	0.178657653308	138	29	34	65	217	35	26	90	98	3	18	57	38	118	106	50	1	108	136	156	46	11	27	2	31	0	4	387	0.410852713178	0.802510864317	78.6923076923	14.8846153846	207	155	23	8	78	73	67	41	26	31	17	19	4	3	1	1	2	0	0	0	0	0	0	0	44	169	0	25	1	25.0	2071.0	387.0	0	0	14	1
1683	0.00415923945336	0.0463458110517	0.163992869875	124	16	36	59	160	15	27	69	116	2	8	59	39	91	68	35	2	88	83	152	35	10	26	3	24	1	3	306	0.31045751634	0.820558526441	104.25	19.125	188	148	24	7	41	47	53	28	23	26	20	12	15	1	2	2	0	0	0	0	0	0	0	0	29	102	0	15	1	15.0	1683.0	306.0	0	0	5	0
1935	0.0031007751938	0.025322997416	0.166925064599	140	29	57	49	161	23	42	89	115	3	12	60	53	105	119	28	2	76	100	130	46	9	40	8	30	1	5	350	0.345714285714	0.807235142119	95.8	17.5	215	170	27	13	44	63	50	44	32	18	22	20	14	0	1	2	0	0	0	0	0	0	0	0	51	126	0	19	1	19.0	1935.0	350.0	0	2	0	1
5153	0.00368717252086	0.0390064040365	0.172326799922	301	80	99	189	453	95	76	212	308	10	22	177	118	270	316	112	0	227	237	412	157	36	87	1	81	0	6	976	0.355532786885	0.81117795459	111.043478261	21.2173913043	421	286	65	35	144	168	139	107	94	77	46	33	26	12	3	4	1	0	0	0	0	0	0	0	126	365	0	45	1	45.0	5153.0	976.0	0	0	22	1
0	0.0001	0.0001	0.0001	0	0	0	0	0	0	0	0	0	0	0	0	0	0	0	0	0	0	0	0	0	0	0	0	0	0	0	0	0.0001	0.0001	0.0	0.0	1	0	0	0	0	0	0	0	0	0	0	0	0	0	0	0	0	0	0	0	0	0	0	0	0	0	0	0	1	0.0	0.0	0.0	0	0	0	1
2944	0.00135869565217	0.0302309782609	0.167119565217	173	32	90	89	253	55	44	88	199	2	31	104	60	186	195	73	2	147	146	189	74	30	45	5	48	0	8	495	0.40404040404	0.804347826087	121.708333333	20.625	271	200	35	18	91	90	74	61	44	32	24	24	10	9	5	4	2	2	2	0	0	0	0	0	85	191	0	23	1	23.0	2944.0	495.0	0	16	11	0
1052	0.0456273764259	0.0608365019011	0.155893536122	78	30	20	30	103	12	21	28	56	4	2	35	38	53	52	13	0	58	45	83	15	9	18	0	9	0	2	166	0.289156626506	0.818441064639	104.3	16.6	100	72	14	3	17	28	36	16	12	21	13	12	1	2	3	0	0	0	0	1	0	0	0	0	27	53	0	9	1	9.0	1052.0	166.0	0	0	0	0
1623	0.0	0.0394331484904	0.165126309304	102	25	55	51	145	28	29	50	102	0	12	56	32	81	104	34	0	84	74	132	37	18	13	5	35	1	0	273	0.391941391941	0.805298829328	133.416666667	22.75	161	109	34	3	49	55	33	34	29	20	16	16	8	3	0	2	1	0	0	0	0	0	0	0	50	105	0	11	1	11.0	1623.0	273.0	0	12	1	0
6685	0.00403889304413	0.0528047868362	0.166641735228	412	72	195	229	674	141	64	309	400	4	50	210	129	325	369	93	3	341	346	474	108	71	124	16	92	3	127	1149	0.375108790252	0.794016454749	109.913793103	19.8103448276	434	273	73	41	182	206	217	105	100	94	54	39	27	18	14	12	2	1	1	0	0	0	0	0	276	419	0	57	1	57.0	6685.0	1149.0	0	16	2	1
2662	0.00638617580766	0.0484598046582	0.157024793388	179	30	84	112	270	40	33	81	161	2	12	101	56	174	157	32	2	156	127	180	52	22	33	11	43	0	5	448	0.303571428571	0.82494365139	114.782608696	19.4782608696	257	193	35	8	48	80	61	46	48	45	26	23	21	6	7	0	0	0	0	0	0	0	0	0	56	143	0	22	1	22.0	2662.0	448.0	0	0	12	0
1226	0.0	0.0277324632953	0.15986949429	85	22	28	48	127	21	21	49	74	0	6	49	17	67	86	16	2	64	55	95	24	10	16	2	8	5	2	211	0.355450236967	0.825448613377	101.25	17.5833333333	133	108	12	2	41	32	27	23	14	17	12	12	4	5	4	3	0	0	0	0	0	0	1	0	20	87	0	11	1	11.0	1226.0	211.0	0	0	4	1
3139	0.000637145587767	0.0283529786556	0.173622172666	242	31	75	113	269	41	67	130	176	3	26	93	70	209	181	39	4	135	138	249	59	19	68	4	49	2	1	588	0.362244897959	0.807582032494	155.5	29.4	286	204	40	22	88	103	89	65	52	58	25	26	10	3	3	2	0	0	0	0	0	0	0	0	63	216	0	19	1	19.0	3139.0	588.0	0	0	14	0
3006	0.00399201596806	0.0212907518297	0.171656686627	174	30	60	87	315	48	47	119	175	6	27	107	64	158	202	65	2	140	156	241	56	33	44	5	46	4	2	541	0.345656192237	0.814703925482	140.666666667	25.7619047619	311	240	34	15	74	98	113	62	45	32	27	22	17	3	1	5	3	0	0	0	0	0	0	0	45	224	0	20	1	20.0	3006.0	541.0	0	0	2	0
866	0.0115473441109	0.0427251732102	0.170900692841	46	16	22	35	76	11	7	42	46	1	3	36	12	56	59	23	0	34	39	68	15	5	20	0	10	0	7	155	0.361290322581	0.80831408776	107.375	19.375	108	85	15	5	31	20	27	20	11	13	5	9	3	3	2	0	0	0	0	0	0	0	0	0	18	63	0	7	1	7.0	866.0	155.0	0	0	0	1
1308	0.0114678899083	0.0282874617737	0.165902140673	92	23	29	29	135	30	29	57	65	4	7	35	34	76	79	16	0	65	62	98	26	11	12	6	17	0	4	232	0.35775862069	0.814220183486	129.9	23.2	149	117	18	5	37	41	30	31	19	18	16	10	4	2	1	1	2	1	0	0	0	0	0	0	30	86	0	9	1	9.0	1308.0	232.0	0	0	1	1
2868	0.00244072524407	0.036959553696	0.176429567643	180	40	58	74	253	50	48	143	182	3	24	114	56	158	199	37	1	151	117	197	57	28	53	5	45	3	10	534	0.397003745318	0.806136680614	97.9310344828	18.4137931034	292	212	41	16	84	112	96	53	41	38	34	8	15	2	3	1	1	1	0	0	1	1	0	0	60	237	0	28	1	28.0	2868.0	534.0	0	0	5	1
2176	0.00321691176471	0.0441176470588	0.182444852941	129	32	49	60	189	30	39	87	124	2	27	62	34	138	169	45	1	93	117	162	29	11	46	2	29	2	1	422	0.4336492891	0.799632352941	71.5666666667	14.0666666667	225	168	26	19	72	92	64	48	33	20	14	15	14	5	1	1	0	0	0	0	0	0	0	0	42	181	0	29	1	29.0	2176.0	422.0	0	0	1	1
2996	0.00534045393858	0.0370493991989	0.172229639519	179	28	60	96	316	52	45	116	153	4	32	102	31	163	219	73	0	170	148	241	42	20	55	1	48	0	4	536	0.348880597015	0.811415220294	92.65625	16.75	294	213	44	18	77	92	94	63	60	39	37	19	11	5	1	0	0	1	0	0	0	0	0	0	53	215	0	31	1	31.0	2996.0	536.0	0	0	0	0
2727	0.002200220022	0.029702970297	0.16501650165	168	23	79	76	271	45	47	95	163	5	19	129	41	173	180	46	3	143	126	205	56	26	49	2	42	0	3	464	0.308189655172	0.818848551522	100.037037037	17.1851851852	277	207	39	15	56	72	99	51	40	43	32	16	11	8	5	2	1	0	0	0	0	0	0	0	46	183	0	26	1	26.0	2727.0	464.0	0	0	0	1
5677	0.00387528624273	0.0311784393165	0.162057424696	385	71	144	185	541	83	97	186	340	6	41	219	126	370	379	91	1	275	268	422	136	65	62	8	58	9	20	963	0.331256490135	0.817861546592	98.4561403509	16.8947368421	451	311	75	34	144	141	155	101	84	86	55	55	29	15	15	4	1	1	1	0	0	0	0	0	130	344	0	56	1	56.0	5677.0	963.0	0	2	2	0
1783	0.0	0.0431856421761	0.178911946158	120	24	28	56	184	29	36	56	95	2	20	59	39	109	101	30	0	117	82	116	28	13	29	1	27	0	5	346	0.35549132948	0.800897363993	80.0909090909	15.7272727273	212	159	32	11	62	50	78	32	26	20	18	9	9	3	1	0	0	1	0	0	0	0	0	0	38	132	0	21	1	21.0	1783.0	346.0	0	0	7	1
3583	0.0	0.0371197320681	0.16996929947	262	47	99	125	348	72	51	137	175	3	22	123	53	222	235	52	0	211	205	274	54	25	59	4	40	1	8	618	0.373786407767	0.812447669551	101.314285714	17.6571428571	319	221	54	34	83	114	95	85	54	45	40	31	14	6	0	7	1	1	0	0	0	0	0	0	64	235	0	34	1	34.0	3583.0	618.0	0	0	1	0
1239	0.0	0.047619047619	0.166263115416	93	17	36	24	108	17	23	52	91	8	10	41	20	84	92	9	0	57	81	98	17	5	22	1	8	5	1	211	0.322274881517	0.825665859564	123.0	21.1	125	95	15	0	36	31	44	24	19	15	14	11	6	1	4	1	0	0	0	0	0	0	0	0	13	86	0	9	1	9.0	1239.0	211.0	0	0	0	1
2770	0.00361010830325	0.0375451263538	0.157400722022	213	62	79	81	245	53	38	86	165	6	12	74	72	167	190	40	1	136	180	168	73	25	37	1	26	2	15	441	0.365079365079	0.81119133574	77.8857142857	12.6	247	184	31	17	74	69	61	49	35	35	21	25	26	12	10	2	0	0	0	0	0	0	0	0	89	171	0	34	1	34.0	2770.0	441.0	0	9	3	0
5726	0.00384212364652	0.0239259517988	0.16608452672	354	72	155	168	553	86	79	245	338	7	31	232	106	312	296	117	4	308	346	367	117	51	77	5	96	7	15	1037	0.340405014465	0.811386657352	87.0615384615	15.9538461538	545	439	53	40	121	192	165	97	87	97	61	40	22	13	6	1	8	1	0	0	0	1	0	0	146	384	0	64	1	64.0	5726.0	1037.0	0	0	18	1
3203	0.00874180455823	0.0312207305651	0.16297221355	209	60	100	107	341	61	61	122	176	8	17	71	44	169	195	51	3	165	175	240	73	24	46	11	46	1	7	547	0.36563071298	0.820793006556	159.2	27.35	299	226	34	20	83	97	57	52	59	41	62	26	13	2	3	7	1	0	0	0	0	0	0	0	57	198	0	19	1	19.0	3203.0	547.0	0	0	0	1
4429	0.00203206141341	0.0219011063445	0.174079927749	308	56	112	145	457	85	61	207	227	8	22	149	72	230	254	61	3	224	228	339	97	29	64	14	66	1	13	812	0.400246305419	0.80605102732	80.9814814815	15.037037037	381	259	70	31	121	173	120	78	80	62	43	27	16	15	3	0	1	1	0	1	0	0	0	0	98	324	0	53	1	53.0	4429.0	812.0	0	0	0	0
2324	0.00946643717728	0.0352839931153	0.175989672978	149	25	61	81	226	39	35	98	114	4	12	74	47	132	150	39	1	139	116	141	42	20	37	3	49	1	7	424	0.412735849057	0.805507745267	88.4230769231	16.3076923077	252	202	25	15	63	97	64	51	30	33	27	14	10	2	1	2	0	0	1	0	0	0	0	0	43	187	0	25	1	25.0	2324.0	424.0	0	0	0	0
2914	0.00343170899108	0.0404941660947	0.158544955388	204	23	95	97	256	50	41	145	202	7	10	103	64	164	177	45	2	137	181	228	64	19	39	1	34	1	2	475	0.322105263158	0.827385037749	125.739130435	20.652173913	267	197	35	7	66	80	75	50	37	46	42	32	12	6	6	2	1	0	1	0	0	0	0	0	43	188	0	22	1	22.0	2914.0	475.0	0	0	2	0
667	0.00599700149925	0.0299850074963	0.157421289355	46	5	16	17	60	11	11	30	36	2	3	26	13	34	40	22	0	38	46	52	9	5	16	1	8	0	0	108	0.314814814815	0.829085457271	132.6	21.6	81	66	10	1	8	25	21	12	9	14	4	2	2	4	1	3	0	0	0	0	0	0	0	0	9	35	0	4	1	4.0	667.0	108.0	0	0	1	1
4082	0.0105340519353	0.0181283684468	0.155071043606	255	52	121	150	435	74	73	160	259	1	17	157	93	232	254	74	2	221	185	275	72	40	43	6	42	4	27	654	0.295107033639	0.824105830475	176.52173913	28.4347826087	325	226	47	17	81	95	103	77	53	71	44	43	27	11	3	6	1	2	0	0	0	0	0	0	91	243	0	22	1	22.0	4082.0	654.0	0	0	0	1
2004	0.0	0.0204590818363	0.173652694611	124	22	34	70	187	26	35	102	104	0	16	61	50	111	127	29	0	92	116	144	56	18	28	2	42	0	3	366	0.330601092896	0.806387225549	70.5	13.0714285714	208	137	40	15	51	55	84	46	31	23	16	8	9	6	2	1	2	0	0	0	0	0	0	0	46	161	0	27	1	27.0	2004.0	366.0	0	0	1	0
2691	0.00297287253809	0.0234113712375	0.166480862133	177	35	60	90	293	38	35	111	138	2	11	108	52	136	141	53	3	125	146	206	60	19	46	18	32	1	6	487	0.338809034908	0.809736157562	111.166666667	20.2916666667	274	214	30	6	52	107	78	51	41	54	22	17	12	3	5	0	0	1	0	0	0	0	0	0	64	154	0	23	1	23.0	2691.0	487.0	0	0	15	0
1581	0.00759013282732	0.0290955091714	0.170777988615	134	22	25	62	157	25	27	77	83	2	18	50	36	87	88	17	0	64	72	111	35	14	22	1	19	1	1	293	0.348122866894	0.812144212524	111.285714286	20.9285714286	178	137	24	10	33	59	51	34	20	27	13	10	8	1	4	0	0	1	0	0	0	0	0	0	29	104	0	13	1	13.0	1581.0	293.0	0	0	2	0
7456	0.00214592274678	0.0292381974249	0.156786480687	521	72	183	222	721	139	138	236	517	6	48	218	177	478	447	131	2	373	413	554	148	66	97	14	87	13	27	1239	0.348668280872	0.819071888412	104.014084507	17.4507042254	601	432	96	37	164	228	153	118	110	95	77	71	51	23	20	13	5	0	0	2	0	0	0	0	182	427	0	70	1	70.0	7456.0	1239.0	0	8	9	0
9114	0.00109721307878	0.0310511301295	0.16699583059	571	95	230	286	863	148	162	353	593	8	52	297	200	572	569	204	4	429	479	724	180	56	136	14	112	8	25	1536	0.37109375	0.807987711214	148.426229508	25.1803278689	626	416	103	36	225	303	235	193	145	164	63	73	40	15	16	4	3	0	1	0	1	0	0	0	235	628	0	60	1	60.0	9114.0	1536.0	0	42	55	0
3461	0.000866801502456	0.0234036405663	0.172782432823	245	53	89	87	352	54	49	161	228	1	9	164	61	215	184	66	3	168	173	241	60	28	45	1	66	1	1	606	0.414191419142	0.813059809304	149.391304348	26.347826087	289	214	25	16	116	119	101	55	42	64	25	28	11	11	3	2	5	1	0	0	0	0	0	0	53	297	0	22	1	22.0	3461.0	606.0	0	0	17	1
1129	0.00354295837024	0.0398582816652	0.156775907883	83	18	31	32	120	6	17	49	71	1	3	20	32	66	53	13	1	64	78	93	25	13	7	1	14	6	5	188	0.324468085106	0.822852081488	123.444444444	20.8888888889	122	90	21	4	28	29	23	17	23	14	15	15	5	2	0	0	3	0	0	0	0	0	0	0	31	70	0	8	1	8.0	1129.0	188.0	0	2	0	0
5110	0.00234833659491	0.0191780821918	0.156555772994	345	56	153	166	462	88	85	190	349	10	15	168	99	333	313	93	8	262	260	381	118	44	70	8	81	3	5	844	0.309241706161	0.825636007828	126.7	21.1	472	364	58	20	100	141	124	98	67	76	55	52	32	18	9	4	5	0	0	0	0	0	0	0	94	332	0	39	1	39.0	5110.0	844.0	0	0	11	1
1978	0.0126390293225	0.0404448938322	0.18806875632	154	28	36	70	172	31	27	80	87	8	10	68	36	115	123	31	1	104	114	111	42	10	32	1	41	1	1	390	0.433333333333	0.796258847321	92.4285714286	18.5714285714	211	159	21	14	61	94	66	52	28	32	11	5	5	3	1	1	0	0	0	0	0	0	0	0	32	162	0	20	1	20.0	1978.0	390.0	0	0	0	0
1931	0.0150181253237	0.0393578456758	0.158984981875	146	20	64	49	157	21	53	65	93	5	6	65	26	126	125	72	0	137	96	126	33	32	19	0	22	0	3	310	0.370967741935	0.823407560849	95.15	15.5	174	131	23	15	46	54	33	23	35	36	29	15	7	9	4	1	0	1	0	0	0	0	0	0	36	99	0	19	1	19.0	1931.0	310.0	0	0	3	0
3729	0.00938589434165	0.0268168409761	0.172968624296	228	38	86	86	378	55	74	187	200	3	33	160	52	189	225	74	0	187	193	254	96	36	43	4	62	1	10	682	0.375366568915	0.810136765889	119.322580645	22.0	352	257	48	22	104	130	95	82	59	60	45	25	14	8	2	0	0	0	0	0	0	0	0	0	66	271	0	30	1	30.0	3729.0	682.0	0	0	4	1
1189	0.0	0.0302775441548	0.169890664424	87	17	30	39	112	18	16	55	59	1	12	31	23	58	84	25	0	84	61	89	23	5	18	0	16	1	0	208	0.365384615385	0.814970563499	107.181818182	18.9090909091	145	116	18	8	26	42	31	30	18	23	7	6	7	2	1	2	0	0	0	0	0	0	0	0	19	83	0	10	1	10.0	1189.0	208.0	0	0	3	1
2936	0.00204359673025	0.0265667574932	0.159059945504	143	23	71	73	276	45	19	119	217	0	8	88	69	184	188	93	1	147	208	255	75	34	41	4	19	0	4	476	0.378151260504	0.822547683924	90.78125	14.875	249	174	36	4	74	102	59	50	37	43	38	24	14	10	7	2	0	0	2	0	2	0	0	0	54	196	0	31	1	31.0	2936.0	476.0	0	0	9	1
2220	0.0	0.0355855855856	0.17027027027	135	28	45	80	216	28	24	102	108	0	14	60	46	120	136	42	6	112	108	192	68	21	46	5	28	1	9	401	0.366583541147	0.808558558559	115.894736842	21.1052631579	216	152	32	6	55	82	61	55	36	27	12	22	6	5	4	4	0	0	0	0	0	0	0	0	51	160	0	18	1	18.0	2220.0	401.0	0	0	22	1
4736	0.00253378378378	0.0418074324324	0.162584459459	304	51	137	146	414	62	73	154	283	11	22	145	124	308	279	84	3	234	281	356	109	39	85	12	69	4	13	776	0.355670103093	0.803420608108	104.266666667	17.2444444444	398	276	65	25	115	132	132	100	54	72	47	32	32	14	6	3	1	0	1	0	0	1	0	0	162	276	0	44	1	44.0	4736.0	776.0	0	44	27	0
1984	0.0	0.0292338709677	0.165322580645	144	29	59	66	174	48	29	78	111	3	7	66	50	111	113	45	0	106	90	148	51	7	35	1	32	2	5	347	0.363112391931	0.819052419355	214.222222222	38.5555555556	202	151	25	11	45	69	51	42	25	26	20	13	7	9	5	5	0	0	0	0	0	0	0	0	35	128	0	8	1	8.0	1984.0	347.0	0	0	10	0
1560	0.00128205128205	0.0358974358974	0.163461538462	78	20	46	36	139	21	31	73	107	3	11	43	33	103	96	20	1	76	96	126	36	8	26	0	17	1	1	275	0.36	0.810256410256	95.9375	17.1875	162	117	28	5	46	48	38	32	20	18	14	19	3	6	6	0	1	0	0	0	0	0	0	0	45	106	0	15	1	15.0	1560.0	275.0	0	3	2	0
2394	0.0125313283208	0.047619047619	0.152882205514	125	16	79	59	245	42	41	82	156	0	10	110	39	145	167	47	0	129	127	203	53	22	25	2	25	0	3	378	0.325396825397	0.831662489557	107.863636364	17.1818181818	222	167	28	7	57	59	45	42	28	42	28	25	17	2	8	2	2	2	0	0	0	0	1	0	39	135	0	21	1	21.0	2394.0	378.0	0	0	15	1
3765	0.0164674634794	0.0419654714475	0.170783532537	325	31	105	123	341	77	62	147	236	9	15	112	81	212	199	46	4	190	190	237	62	30	54	4	54	4	6	650	0.398461538462	0.800531208499	75.8367346939	13.2653061224	327	235	45	21	109	129	106	53	91	36	40	30	14	11	2	2	0	0	0	0	0	0	0	0	110	233	0	48	1	48.0	3765.0	650.0	0	8	0	0
315	0.0	0.0761904761905	0.15873015873	26	2	15	9	28	11	2	11	18	4	2	3	11	16	21	9	0	21	14	19	5	1	2	0	2	2	0	55	0.309090909091	0.815873015873	49.8333333333	9.16666666667	46	42	3	1	3	13	7	6	8	5	5	1	1	1	0	0	0	0	0	0	0	0	0	0	8	11	0	5	1	5.0	315.0	55.0	0	0	2	0
3465	0.002886002886	0.0225108225108	0.143145743146	224	29	102	126	384	52	55	113	250	3	9	94	79	216	179	102	0	222	181	283	63	30	31	2	38	19	4	512	0.302734375	0.840404040404	114.2	17.0666666667	246	170	35	8	65	82	72	42	26	53	30	28	39	33	8	2	6	0	1	0	2	0	0	0	59	177	0	29	1	29.0	3465.0	512.0	0	6	4	0
1375	0.0	0.0254545454545	0.182545454545	92	14	31	49	124	12	25	75	75	1	3	37	24	75	93	28	0	57	63	109	32	19	32	2	13	1	0	265	0.415094339623	0.799272727273	113.666666667	22.0833333333	162	126	15	16	34	60	42	36	17	15	16	12	2	1	0	1	0	0	0	0	0	0	0	0	26	121	0	11	1	11.0	1375.0	265.0	0	0	6	1
1099	0.0	0.0464058234759	0.168334849864	67	17	37	36	124	19	24	55	60	3	3	43	18	54	65	14	1	57	67	65	24	8	14	1	10	0	1	189	0.412698412698	0.808917197452	105.9	18.9	134	114	7	4	36	38	21	20	21	15	8	14	7	1	0	1	0	0	0	0	0	0	0	0	25	88	0	9	1	9.0	1099.0	189.0	0	0	0	1
2106	0.00379867046534	0.0422602089269	0.167616334283	135	25	61	67	234	24	13	103	89	2	9	92	36	109	121	36	1	129	113	152	40	26	30	3	35	0	2	370	0.362162162162	0.811965811966	74.25	13.2142857143	216	162	29	12	45	77	62	31	28	51	9	23	10	4	1	0	1	0	0	0	0	0	0	0	46	152	0	27	1	27.0	2106.0	370.0	0	0	11	1
2172	0.00276243093923	0.0561694290976	0.17817679558	135	27	44	68	199	37	31	104	106	8	11	75	46	116	149	33	0	113	104	163	44	21	55	2	38	1	4	403	0.354838709677	0.806169429098	143.866666667	26.8666666667	261	210	32	11	60	72	80	56	39	28	19	13	7	2	0	1	0	0	0	0	0	0	0	0	35	155	0	14	1	14.0	2172.0	403.0	0	0	4	1
315	0.0	0.0761904761905	0.15873015873	26	2	15	9	28	11	2	11	18	4	2	3	11	16	21	9	0	21	14	19	5	1	2	0	2	2	0	55	0.309090909091	0.815873015873	49.8333333333	9.16666666667	46	42	3	1	3	13	7	6	8	5	5	1	1	1	0	0	0	0	0	0	0	0	0	0	8	11	0	5	1	5.0	315.0	55.0	0	0	2	0
1703	0.0	0.0381679389313	0.169113329419	114	21	23	50	167	27	33	52	107	5	20	44	45	116	103	22	0	90	89	132	35	10	31	3	30	4	0	295	0.369491525424	0.807398708162	120.0	21.0714285714	188	152	21	8	50	51	59	29	22	20	19	15	8	5	1	1	1	0	0	0	0	0	0	0	42	119	0	13	1	13.0	1703.0	295.0	0	8	2	0
3209	0.0162044250545	0.0377064506077	0.164537239015	233	35	86	98	333	60	45	129	164	13	14	78	64	168	182	42	4	205	173	235	84	15	39	1	45	1	5	535	0.355140186916	0.810532876285	113.321428571	19.1071428571	259	178	39	15	94	81	76	51	62	76	29	18	9	14	1	1	1	1	0	0	0	0	0	0	82	188	0	27	1	27.0	3209.0	535.0	0	10	0	0
2805	0.00142602495544	0.0310160427807	0.176827094474	181	32	66	96	304	37	43	116	164	20	18	89	50	153	159	50	2	142	122	210	63	29	48	1	37	0	2	509	0.381139489194	0.800713012478	120.956521739	22.1304347826	253	160	52	25	74	95	94	62	50	39	23	17	11	4	2	0	1	0	0	0	0	0	0	0	64	203	0	22	1	22.0	2805.0	509.0	0	11	0	0
2919	0.00137033230558	0.036313806098	0.167180541281	189	34	94	98	314	45	34	132	145	4	15	88	42	143	191	61	1	155	163	236	45	32	44	1	34	2	7	501	0.355289421158	0.807810894142	99.6896551724	17.275862069	284	202	49	12	77	89	74	68	55	35	33	24	16	2	2	1	0	1	0	0	0	0	0	0	73	191	0	28	1	28.0	2919.0	501.0	0	2	0	0
1962	0.00101936799185	0.0270132517839	0.164627930683	127	31	47	65	205	35	34	95	127	1	7	78	34	113	111	32	0	87	109	149	44	17	26	3	29	1	0	329	0.370820668693	0.822120285423	82.5217391304	14.3043478261	199	149	23	4	63	55	59	30	26	27	12	18	17	5	2	5	0	1	0	0	0	0	0	0	26	137	0	22	1	22.0	1962.0	329.0	0	0	5	1
10890	0.0068870523416	0.0493112947658	0.161799816345	783	97	283	296	971	166	173	418	633	21	121	378	182	684	712	167	5	572	638	823	279	68	103	17	129	9	20	1781	0.343065693431	0.809825528007	110.132653061	18.1734693878	721	489	123	60	274	272	234	270	164	172	112	87	53	33	12	11	2	0	0	2	0	0	0	0	325	624	0	97	1	97.0	10890.0	1781.0	0	56	8	0
1534	0.019556714472	0.0352020860495	0.172099087353	105	18	31	46	109	18	24	54	85	4	12	72	30	97	103	38	1	74	60	111	32	18	19	1	24	0	24	267	0.38202247191	0.794002607562	137.636363636	24.2727272727	156	117	18	15	46	40	41	36	28	30	10	6	4	4	3	0	0	1	0	0	0	0	0	0	54	95	0	10	1	10.0	1534.0	267.0	0	8	20	0
10000	0.0029	0.0619	0.1607	651	121	267	304	1002	169	171	376	602	16	35	299	268	592	578	194	6	535	518	762	212	88	148	17	132	17	20	1688	0.313981042654	0.8207	106.333333333	18.1505376344	864	638	132	46	217	261	263	207	142	164	98	88	50	38	11	10	5	1	1	0	0	0	0	0	196	599	0	92	1	92.0	10000.0	1688.0	0	0	40	1
2190	0.0013698630137	0.0283105022831	0.171689497717	160	29	42	59	201	47	36	66	125	3	10	63	51	116	140	41	0	139	137	136	46	24	29	7	31	0	5	399	0.350877192982	0.80502283105	94.2608695652	17.347826087	233	178	28	10	59	71	78	45	32	30	19	13	11	5	3	1	0	0	0	0	0	0	0	0	57	160	0	22	1	22.0	2190.0	399.0	0	0	3	1
329	0.0243161094225	0.0729483282675	0.158054711246	19	5	11	6	33	3	9	11	15	3	3	12	16	11	20	7	0	11	16	25	7	2	4	0	8	0	0	55	0.272727272727	0.808510638298	34.4444444444	6.11111111111	43	36	5	1	6	8	11	8	8	3	2	3	2	0	0	1	0	0	0	0	0	0	0	0	11	14	0	8	1	8.0	329.0	55.0	0	0	0	1
1723	0.00116076610563	0.0435287289611	0.155542658154	112	24	44	45	160	22	39	63	104	1	10	61	51	101	112	47	2	108	101	106	45	16	28	2	19	1	1	271	0.328413284133	0.82878699942	141.833333333	22.5833333333	151	101	26	5	36	48	32	36	24	22	30	14	15	2	3	1	1	0	0	0	0	0	0	0	29	91	0	11	1	11.0	1723.0	271.0	0	0	9	0
1447	0.0221147201106	0.0476848652384	0.159640635798	98	11	30	42	125	34	17	56	90	3	4	47	39	68	79	34	1	82	71	134	38	6	19	0	22	0	7	234	0.354700854701	0.818244644091	129.727272727	21.2727272727	121	81	18	12	29	42	37	29	15	14	16	12	16	9	1	0	0	0	0	0	0	0	0	0	34	92	0	10	1	10.0	1447.0	234.0	0	4	9	0
3209	0.00498597693986	0.0464319102524	0.16827672172	193	38	53	101	286	53	60	100	206	5	14	117	87	185	197	39	10	153	207	228	90	32	56	9	43	0	7	567	0.354497354497	0.812714241197	83.4736842105	14.9210526316	325	250	37	15	93	93	85	72	43	51	40	24	12	6	3	3	0	0	1	0	0	0	0	0	63	218	0	37	1	37.0	3209.0	567.0	0	0	0	1
3710	0.00377358490566	0.0261455525606	0.162264150943	263	40	119	115	366	45	45	127	215	1	1	150	57	213	251	77	2	210	165	325	73	49	30	4	57	5	13	619	0.392568659128	0.818867924528	230.75	38.6875	295	202	45	18	89	135	69	65	52	39	55	36	23	8	7	0	5	1	0	0	0	0	0	0	74	258	0	15	1	15.0	3710.0	619.0	0	0	4	1
3140	0.000636942675159	0.0321656050955	0.168789808917	190	38	80	115	306	43	55	111	199	7	21	124	65	187	187	49	1	123	174	227	56	24	55	6	59	0	4	568	0.367957746479	0.809872611465	73.7857142857	13.5238095238	292	199	52	16	96	97	81	70	53	36	21	21	19	8	8	4	0	0	0	1	0	0	0	0	68	219	0	41	1	41.0	3140.0	568.0	0	0	12	0
1391	0.00215672178289	0.0467289719626	0.176132278936	98	16	37	38	121	24	24	61	82	3	5	44	38	90	81	22	1	63	67	93	24	12	23	1	29	0	4	261	0.436781609195	0.801581595974	72.0526315789	13.7368421053	148	103	25	6	51	57	39	23	22	16	5	11	8	4	1	1	0	0	1	1	0	0	0	0	31	103	0	18	1	18.0	1391.0	261.0	0	0	6	1
12689	0.00843250059106	0.0322326424462	0.162345338482	847	144	376	303	1154	172	251	402	836	54	62	422	248	794	719	250	8	649	718	938	293	117	184	16	158	5	32	2185	0.320366132723	0.815745921664	119.857142857	20.8095238095	883	601	134	64	302	334	363	217	184	208	150	107	76	33	10	8	3	1	0	1	0	0	0	0	287	734	0	104	1	104.0	12689.0	2185.0	0	0	23	0
1595	0.00313479623824	0.058934169279	0.174294670846	120	28	38	63	146	38	20	56	93	4	10	41	31	95	96	35	0	93	74	112	30	7	26	2	19	2	0	287	0.407665505226	0.810031347962	132.0	23.9166666667	170	127	22	9	55	53	35	38	21	27	11	22	6	1	1	0	0	0	0	0	0	0	0	0	26	119	0	11	1	11.0	1595.0	287.0	0	0	11	1
2320	0.00215517241379	0.035775862069	0.169396551724	125	40	62	70	280	25	22	110	135	11	7	74	34	110	143	22	3	110	150	210	40	31	27	3	17	0	4	399	0.365914786967	0.806465517241	135.529411765	23.4705882353	192	138	25	10	64	72	69	50	42	30	20	18	12	2	3	1	0	0	1	0	0	0	0	0	58	174	0	16	1	16.0	2320.0	399.0	0	6	5	0
4311	0.0178612850847	0.0380422175829	0.159127812572	284	71	117	144	455	47	53	155	274	12	15	178	95	264	224	90	2	201	209	331	55	30	84	10	42	2	5	716	0.321229050279	0.823474831826	94.6222222222	15.9111111111	371	267	56	11	97	122	113	78	59	81	31	36	33	5	16	4	0	1	0	0	0	0	0	0	91	245	0	44	1	44.0	4311.0	716.0	0	4	11	0
5203	0.00249855852393	0.0313280799539	0.178166442437	372	78	84	187	442	56	74	257	305	4	54	152	114	271	294	66	11	212	274	388	149	29	103	5	71	6	12	987	0.398176291793	0.791850855276	107.208333333	20.5625	402	270	56	47	122	224	170	122	74	65	34	33	22	5	7	2	1	0	0	0	0	0	0	0	158	393	0	47	1	47.0	5203.0	987.0	1	8	18	0
1429	0.00279916025192	0.0328901329601	0.157452764171	104	13	40	40	119	16	21	53	89	1	13	52	34	74	85	32	0	101	90	108	32	8	14	1	18	2	3	230	0.326086956522	0.817354793562	156.666666667	25.5555555556	153	116	15	5	30	39	31	26	23	28	18	6	12	5	1	1	0	0	0	0	0	0	0	0	40	80	0	8	1	8.0	1429.0	230.0	0	12	9	0
1935	0.0015503875969	0.0299741602067	0.182945736434	148	31	29	51	165	21	27	93	111	0	6	64	44	107	122	24	0	73	98	184	39	18	41	0	31	1	1	371	0.412398921833	0.8	72.4615384615	14.2692307692	207	150	30	8	73	72	64	65	22	18	9	9	6	0	0	2	6	0	1	0	0	0	0	0	39	164	0	25	1	25.0	1935.0	371.0	0	0	13	1
2219	0.00180261379	0.0288418206399	0.168544389365	162	14	55	57	225	28	40	94	133	2	17	62	38	161	123	49	2	102	128	183	44	14	33	2	18	1	1	378	0.378306878307	0.807570977918	95.4782608696	16.4347826087	201	127	39	11	62	70	62	41	30	46	14	21	9	7	2	0	0	0	0	0	0	0	0	0	54	162	0	22	1	22.0	2219.0	378.0	0	8	0	0
1097	0.0	0.0200546946217	0.172288058341	71	10	25	43	102	14	8	51	61	0	17	32	19	58	72	22	0	47	50	103	26	6	18	1	15	1	0	208	0.326923076923	0.812215132179	90.4166666667	17.3333333333	123	87	23	6	26	36	34	29	19	13	14	7	4	1	0	1	0	0	0	0	0	0	0	0	19	70	0	11	1	11.0	1097.0	208.0	0	0	0	0
3461	0.000866801502456	0.0234036405663	0.172782432823	245	53	89	87	352	54	49	161	228	1	9	164	61	215	184	66	3	168	173	241	60	28	45	1	66	1	1	606	0.414191419142	0.813059809304	149.391304348	26.347826087	289	214	25	16	116	119	101	55	42	64	25	28	11	11	3	2	5	1	0	0	0	0	0	0	53	297	0	22	1	22.0	3461.0	606.0	0	0	17	1
1692	0.00236406619385	0.0460992907801	0.159574468085	97	24	67	70	175	17	29	66	110	2	9	63	29	107	84	23	0	76	90	122	37	23	19	0	29	3	1	287	0.303135888502	0.817375886525	69.5416666667	11.9583333333	167	121	22	7	37	43	47	29	30	27	30	8	3	2	2	3	2	0	1	0	0	0	0	0	44	101	0	23	1	23.0	1692.0	287.0	0	2	0	1
3937	0.000508001016002	0.0271780543561	0.166116332233	293	43	108	101	336	55	68	169	241	3	18	149	72	223	240	57	2	198	202	317	107	29	59	2	69	3	6	705	0.314893617021	0.816103632207	90.5813953488	16.3953488372	342	236	44	19	105	98	122	75	68	66	35	22	30	5	7	2	1	0	0	0	0	0	0	0	85	291	0	42	1	42.0	3937.0	705.0	0	0	2	1
1435	0.0592334494774	0.113588850174	0.168641114983	83	20	20	54	132	21	23	45	74	2	12	46	39	82	80	15	0	64	59	84	26	27	12	0	24	0	12	259	0.34749034749	0.802787456446	109.461538462	19.9230769231	157	116	23	19	36	35	35	36	24	24	13	8	7	0	4	1	0	0	0	1	0	0	0	0	56	77	0	12	1	12.0	1435.0	259.0	0	0	3	1
2642	0.0	0.0333080999243	0.169947009841	194	40	55	95	214	44	38	118	163	2	17	83	67	133	148	55	1	132	139	214	67	11	37	1	26	10	7	486	0.358024691358	0.809235427706	113.47826087	21.1304347826	234	154	37	15	62	96	70	65	35	45	18	20	6	10	6	0	0	1	0	0	0	0	0	0	57	187	0	22	1	22.0	2642.0	486.0	0	0	13	0
1043	0.0	0.0488974113135	0.165867689358	87	18	25	31	76	12	14	33	71	1	7	36	30	62	59	21	1	45	70	73	25	3	18	3	16	0	1	179	0.36312849162	0.805369127517	93.0	16.2727272727	122	95	16	7	33	25	26	28	16	13	6	7	5	4	0	1	2	1	0	0	0	0	0	0	33	64	0	10	1	10.0	1043.0	179.0	0	8	9	0
2098	0.00190657769304	0.0262154432793	0.173498570067	131	20	42	55	174	47	41	83	127	3	12	63	46	126	140	48	3	98	123	148	47	12	41	10	32	1	3	382	0.421465968586	0.809342230696	114.166666667	21.2222222222	221	171	30	14	68	78	43	43	27	33	21	18	8	9	1	1	0	0	0	0	0	0	0	0	36	143	0	17	1	17.0	2098.0	382.0	0	0	10	0
2644	0.00151285930408	0.036308623298	0.159984871407	185	39	58	92	245	42	36	110	181	3	14	59	64	145	160	59	1	130	133	224	58	19	35	2	19	1	2	464	0.325431034483	0.816944024206	113.608695652	20.1739130435	231	173	20	11	60	80	59	48	51	36	26	18	14	12	4	5	0	0	0	0	0	0	0	0	66	134	0	22	1	22.0	2644.0	464.0	0	3	11	0
1436	0.00348189415042	0.0473537604457	0.157381615599	91	14	31	58	146	29	13	61	103	0	9	57	19	98	80	28	5	71	87	115	20	11	18	1	15	1	0	233	0.304721030043	0.83008356546	115.909090909	21.1818181818	153	127	13	4	29	38	32	31	23	24	16	12	10	5	3	0	0	0	0	0	0	0	0	0	20	79	0	10	1	10.0	1436.0	233.0	0	0	8	1
2198	0.0186533212011	0.0345768880801	0.161965423112	135	31	55	92	207	27	58	64	131	0	14	78	48	150	116	37	0	112	100	148	61	20	26	0	27	1	9	359	0.328690807799	0.809372156506	108.95	17.95	194	132	29	7	59	52	57	50	39	39	18	19	5	4	4	1	2	1	0	0	0	0	0	0	63	134	0	19	1	19.0	2198.0	359.0	0	6	12	1
2751	0.0	0.0185387131952	0.172300981461	161	28	76	82	297	43	47	106	152	2	13	76	51	167	187	44	0	157	133	206	65	32	45	2	34	3	5	493	0.413793103448	0.810250817884	90.6333333333	16.4333333333	257	181	50	13	96	95	62	52	47	42	24	15	12	9	3	0	2	3	0	0	0	0	0	0	50	231	0	29	1	29.0	2751.0	493.0	0	0	2	0
12922	0.00294072125058	0.0235257700046	0.166228138059	808	186	306	391	1217	201	224	494	757	21	71	411	258	764	745	278	18	627	767	1003	325	84	172	18	163	6	32	2295	0.372549019608	0.814811948615	133.520833333	23.90625	1030	780	128	104	326	425	280	288	160	190	115	102	68	32	22	20	11	3	0	0	2	1	0	0	298	840	0	95	1	95.0	12922.0	2295.0	0	0	45	0
4112	0.00316147859922	0.034046692607	0.176070038911	300	59	91	161	400	57	60	159	227	6	34	116	92	225	213	83	0	169	209	328	98	27	56	19	71	2	7	754	0.389920424403	0.804474708171	90.4	16.7555555556	360	252	44	26	119	148	114	109	60	65	29	24	11	14	3	1	0	0	0	0	0	0	0	0	86	302	0	44	1	44.0	4112.0	754.0	0	0	23	0
1962	0.00203873598369	0.0290519877676	0.172273190622	130	20	35	62	188	25	32	90	108	1	16	68	38	120	124	34	2	92	93	152	39	24	27	1	30	0	1	367	0.381471389646	0.807849133537	92.3333333333	17.4761904762	213	162	28	5	45	90	59	40	30	29	12	13	5	3	2	3	3	0	0	0	0	0	0	0	43	149	0	20	1	20.0	1962.0	367.0	0	0	5	0
4579	0.00458615418214	0.0347237388076	0.159641843197	321	37	167	119	418	79	88	154	290	5	15	133	115	270	234	136	7	225	277	355	110	36	46	12	49	1	13	755	0.392052980132	0.816990609303	116.205128205	19.358974359	345	231	53	14	112	170	72	82	70	49	53	47	32	17	9	2	1	2	0	0	0	0	0	0	110	270	0	38	1	38.0	4579.0	755.0	0	7	14	0
2906	0.0110116999312	0.0540261527873	0.163799036476	171	37	86	78	271	42	58	118	162	8	40	95	53	156	173	58	1	133	148	241	50	33	51	3	28	0	15	499	0.334669338677	0.81039229181	82.0571428571	14.2571428571	299	222	46	20	65	80	69	70	52	41	34	17	19	2	1	1	0	0	2	0	0	0	0	0	85	166	0	34	1	34.0	2906.0	499.0	0	0	1	0
2304	0.0	0.0190972222222	0.166666666667	177	33	50	52	243	49	45	90	160	2	12	76	43	120	131	36	2	115	133	168	34	26	34	2	33	7	2	400	0.3475	0.8203125	162.357142857	28.5714285714	237	184	25	11	70	58	60	50	33	44	20	16	11	4	2	2	2	0	1	1	0	0	0	0	31	151	0	13	1	13.0	2304.0	400.0	0	0	0	1
3621	0.004418668876	0.0510908588788	0.161557580779	184	39	106	154	377	81	58	137	204	16	15	126	72	216	228	53	5	193	182	287	97	16	38	0	56	0	1	613	0.31484502447	0.824910245788	108.757575758	18.5757575758	331	236	51	14	77	102	98	74	51	63	33	31	25	8	8	1	1	0	0	0	0	0	0	0	52	217	0	32	1	32.0	3621.0	613.0	0	0	7	1
1274	0.00156985871272	0.0494505494505	0.181318681319	74	11	21	36	129	15	15	76	72	0	5	44	24	62	86	22	1	51	49	112	27	12	23	1	27	0	3	243	0.374485596708	0.793563579278	52.125	10.125	157	125	18	5	36	50	47	39	20	15	11	4	3	2	0	0	0	0	0	0	0	0	0	0	36	100	0	23	1	23.0	1274.0	243.0	0	0	2	1
2490	0.00240963855422	0.0277108433735	0.177510040161	146	42	46	73	240	45	47	130	156	1	16	76	61	135	139	27	4	112	148	171	63	15	45	3	39	0	13	454	0.385462555066	0.803614457831	102.791666667	18.9166666667	278	225	25	13	71	91	83	63	35	38	21	13	7	4	2	1	1	0	0	0	0	0	0	0	53	194	0	23	1	23.0	2490.0	454.0	0	0	0	1
8755	0.00948029697316	0.0338092518561	0.16904625928	586	101	165	310	795	157	124	396	492	11	71	290	176	466	466	147	3	481	394	647	194	69	150	2	137	10	30	1582	0.369785082174	0.804111936037	92.1382978723	16.829787234	691	498	107	50	223	306	242	173	138	106	66	93	36	24	8	4	4	2	0	0	0	0	0	0	246	548	0	93	1	93.0	8755.0	1582.0	1	0	24	0
30218	0.0118472433649	0.0725064531074	0.158614071083	2033	442	781	998	2523	452	491	984	1758	85	225	1015	716	1784	1733	590	18	1554	1511	2046	571	246	411	40	438	43	384	5198	0.340900346287	0.802468727249	61.5445134576	10.7619047619	2258	1673	316	151	701	816	659	556	451	441	316	241	153	70	51	18	10	2	3	12	13	1	19	0	1319	1524	0	482	1	482.0	30218.0	5198.0	0	0	82	0
814	0.012285012285	0.044226044226	0.165847665848	56	13	16	33	81	18	16	16	37	4	8	18	14	51	47	11	1	59	49	44	14	5	18	1	17	0	7	135	0.377777777778	0.807125307125	77.7777777778	15.0	96	73	13	3	22	24	19	12	18	17	8	4	4	2	0	1	0	0	0	0	0	0	0	0	22	41	0	8	1	8.0	814.0	135.0	0	0	1	1
0	0.0001	0.0001	0.0001	0	0	0	0	0	0	0	0	0	0	0	0	0	0	0	0	0	0	0	0	0	0	0	0	0	0	0	0	0.0001	0.0001	0.0	0.0	1	0	0	0	0	0	0	0	0	0	0	0	0	0	0	0	0	0	0	0	0	0	0	0	0	0	0	0	1	0.0	0.0	0.0	0	0	0	1
1356	0.00147492625369	0.0147492625369	0.163716814159	122	13	30	37	116	24	29	68	72	4	6	49	31	84	69	15	0	68	77	112	33	5	22	1	13	0	2	233	0.356223175966	0.82005899705	149.777777778	25.8888888889	143	110	18	8	25	50	25	33	30	18	9	8	8	4	2	1	2	0	0	0	0	0	0	0	23	91	0	8	1	8.0	1356.0	233.0	0	0	1	1
2289	0.00305810397554	0.0257754477938	0.183049366536	151	35	33	81	205	42	47	94	105	5	22	91	37	121	168	29	0	104	105	156	74	17	46	1	43	2	3	429	0.412587412587	0.799475753604	126.222222222	23.8333333333	240	174	35	15	54	108	80	52	45	31	21	5	3	2	2	1	1	0	0	0	0	0	0	0	41	185	0	17	1	17.0	2289.0	429.0	0	0	0	0
3504	0.0037100456621	0.0293949771689	0.165810502283	218	53	61	101	323	50	59	127	210	8	28	102	117	192	211	53	1	174	182	315	85	26	45	10	49	4	10	629	0.324324324324	0.817066210046	115.0	20.9666666667	322	232	47	17	92	95	112	70	40	66	29	31	9	11	1	2	2	1	2	0	0	1	0	0	66	256	0	29	1	29.0	3504.0	629.0	0	0	8	1
2331	0.003861003861	0.040755040755	0.175032175032	145	27	56	79	231	39	34	95	94	3	31	98	44	136	152	34	1	88	148	143	57	17	51	7	42	0	3	432	0.361111111111	0.807378807379	91.64	17.28	250	188	39	15	50	91	77	67	27	28	21	19	6	4	2	2	0	0	0	0	0	0	0	0	48	166	0	24	1	24.0	2331.0	432.0	0	0	3	1
6074	0.00543299308528	0.0223905169575	0.175008231808	346	60	158	248	710	127	63	310	321	5	47	144	117	281	406	121	3	312	305	390	107	47	126	8	50	11	5	1098	0.417122040073	0.805070793546	84.5633802817	15.4647887324	328	111	121	37	206	215	154	116	89	82	75	46	22	16	0	4	0	2	0	0	0	0	0	0	121	470	0	70	1	70.0	6074.0	1098.0	0	0	0	1
1294	0.00309119010819	0.0177743431221	0.176197836167	100	22	17	38	143	27	27	53	66	2	7	39	24	79	62	18	1	52	69	122	26	6	16	0	25	0	2	232	0.426724137931	0.809891808346	106.916666667	19.3333333333	137	100	20	10	32	57	37	20	21	16	20	10	4	0	1	0	0	1	0	0	0	0	0	0	18	93	0	11	1	11.0	1294.0	232.0	0	0	0	1
5411	0.00406579190538	0.0364073184254	0.159305119202	316	61	147	230	527	127	72	172	373	4	29	199	74	294	330	77	4	273	299	439	110	29	101	5	80	5	4	866	0.347575057737	0.813527998522	131.0	21.1219512195	350	226	53	21	118	162	147	78	79	56	65	100	24	8	1	1	3	0	0	0	0	0	0	0	150	314	0	40	1	40.0	5411.0	866.0	0	38	0	0
1982	0.0095862764884	0.0297679112008	0.17053481332	149	25	50	61	191	35	23	80	107	11	23	72	50	119	103	40	0	99	81	161	45	11	24	4	19	0	4	342	0.374269005848	0.811301715439	114.058823529	20.1176470588	206	157	26	11	54	63	61	40	30	25	22	16	12	2	1	1	1	0	0	0	0	0	0	0	36	130	0	16	1	16.0	1982.0	342.0	0	0	5	0
5869	0.00136309422389	0.0333958084853	0.180269211109	388	79	159	176	523	88	85	255	355	6	41	167	121	321	346	105	4	247	269	426	156	45	98	4	94	18	2	1153	0.36947094536	0.798943601976	103.625	20.5892857143	452	301	69	59	158	209	246	121	79	58	42	29	31	17	8	0	2	0	0	0	0	0	0	0	134	452	0	55	1	55.0	5869.0	1153.0	0	1	18	0
2257	0.00265839610102	0.0425343376163	0.169694284448	136	33	30	59	229	36	31	97	141	2	21	64	42	114	132	20	0	144	142	214	34	19	37	0	34	0	3	396	0.30303030303	0.811253876828	97.1739130435	17.2173913043	228	166	34	8	48	64	94	44	47	34	13	11	16	4	1	0	0	0	0	0	0	0	0	0	45	164	0	22	1	22.0	2257.0	396.0	0	0	0	1
1140	0.0122807017544	0.0675438596491	0.168421052632	72	16	12	39	97	13	24	38	85	3	13	47	16	69	60	16	1	49	61	79	29	16	18	0	13	1	6	200	0.32	0.79649122807	69.75	12.5	131	95	23	9	28	26	33	34	18	21	11	8	1	1	1	0	0	1	0	0	0	0	0	0	47	63	0	15	1	15.0	1140.0	200.0	0	4	1	0
8248	0.00594083414161	0.0226721629486	0.16888942774	545	119	193	229	830	112	134	328	484	7	36	281	180	530	500	127	3	376	469	598	153	77	149	13	117	17	25	1441	0.371963913949	0.81268186227	127.890625	22.515625	665	499	74	33	221	280	227	161	130	131	75	51	41	17	13	8	1	0	3	0	0	0	0	0	160	634	0	63	1	63.0	8248.0	1441.0	0	0	19	0
983	0.0244150559512	0.0559511698881	0.161749745677	80	19	12	29	88	26	21	38	51	2	3	37	28	48	62	24	0	55	38	59	16	3	9	0	22	0	13	160	0.38125	0.807731434385	94.2	16.0	69	38	14	9	31	21	27	12	24	5	10	8	3	4	1	1	0	2	2	0	0	0	0	0	30	63	0	9	1	9.0	983.0	160.0	0	0	6	0
1670	0.00898203592814	0.0389221556886	0.170658682635	127	19	43	62	153	35	31	63	93	2	9	48	28	115	108	23	0	80	90	107	24	7	32	4	13	1	3	300	0.363333333333	0.807185628743	110.4	20.0	188	148	25	7	41	61	59	32	19	24	15	14	8	2	2	2	0	0	0	0	0	0	0	0	37	113	0	14	1	14.0	1670.0	300.0	0	0	6	1
990	0.010101010101	0.0383838383838	0.162626262626	74	8	25	33	82	15	17	34	73	2	4	36	27	53	65	22	0	50	60	64	16	7	11	0	13	1	0	167	0.37125748503	0.817171717172	68.5	11.9285714286	108	84	12	8	27	27	23	16	14	12	11	10	10	2	1	0	1	0	0	0	0	0	0	0	21	50	0	13	1	13.0	990.0	167.0	0	0	0	1
3624	0.00386313465784	0.0400110375276	0.153421633554	263	45	106	99	327	51	55	126	239	4	22	147	79	219	223	98	3	188	184	271	77	28	41	5	57	0	6	590	0.310169491525	0.829470198675	128.464285714	21.0714285714	358	290	45	19	66	98	81	58	51	50	41	30	30	18	6	4	4	1	0	0	0	0	0	0	66	188	0	27	1	27.0	3624.0	590.0	0	0	6	1
5780	0.00882352941176	0.0411764705882	0.167301038062	390	54	195	182	554	96	83	233	333	12	41	176	157	338	344	93	0	288	308	375	131	44	56	6	78	0	22	1025	0.336585365854	0.809515570934	92.0967741935	16.5322580645	466	316	69	34	156	155	181	116	75	92	53	45	38	15	8	0	0	0	0	0	0	0	0	0	142	347	0	61	1	61.0	5780.0	1025.0	0	0	5	0
2253	0.00621393697292	0.0483799378606	0.157123834887	173	20	61	61	192	25	53	58	144	6	22	74	68	141	125	64	1	123	145	152	47	19	32	2	23	1	4	363	0.31129476584	0.823346648913	123.722222222	20.1666666667	221	173	24	10	52	51	55	42	35	32	30	22	13	7	3	2	0	0	0	1	0	0	0	0	46	110	0	17	1	17.0	2253.0	363.0	0	0	14	0
58	0.0	0.0862068965517	0.172413793103	3	2	0	3	8	1	1	1	3	0	0	3	0	3	2	1	0	4	5	1	2	0	1	0	3	0	0	11	0.363636363636	0.810344827586	28.5	5.5	11	11	0	0	2	2	4	0	1	1	1	0	0	0	0	0	0	0	0	0	0	0	0	0	1	5	0	1	1	1.0	58.0	11.0	0	0	0	1
1022	0.0	0.0440313111546	0.158512720157	68	5	26	43	102	23	23	37	54	4	4	25	27	74	63	23	0	41	53	78	22	5	13	0	14	1	2	174	0.350574712644	0.824853228963	84.25	14.5	108	85	11	7	25	29	20	15	14	13	11	19	6	0	3	0	1	0	0	0	0	0	0	0	17	60	0	11	1	11.0	1022.0	174.0	0	0	10	1
2396	0.000834724540902	0.0275459098497	0.184474123539	138	42	43	89	209	26	49	117	123	3	28	67	39	146	166	27	1	96	109	209	52	14	43	5	26	0	0	463	0.421166306695	0.7867278798	139.470588235	27.2352941176	214	146	20	22	71	102	73	71	44	19	15	13	10	2	1	0	0	0	0	0	0	0	0	0	73	202	0	16	1	16.0	2396.0	463.0	0	20	10	0
1547	0.0	0.0284421460892	0.172592113769	89	8	41	50	124	30	31	45	108	0	18	52	19	89	108	32	1	69	75	107	40	18	33	1	35	0	14	275	0.414545454545	0.793148028442	117.307692308	21.1538461538	161	123	15	13	55	44	44	32	21	19	9	7	13	2	5	1	0	0	0	1	0	0	0	0	57	117	0	12	1	12.0	1547.0	275.0	0	2	2	0
1186	0.0	0.031197301855	0.159359190556	72	10	38	38	117	20	7	46	74	0	5	50	27	69	74	35	1	57	72	87	22	10	21	0	16	0	1	192	0.296875	0.817875210793	146.125	24.0	117	81	17	3	30	24	34	20	24	20	16	10	5	1	3	0	0	0	0	0	0	0	0	0	29	80	0	7	1	7.0	1186.0	192.0	0	4	13	0
2280	0.00350877192982	0.0368421052632	0.175438596491	155	40	48	70	217	29	32	102	136	2	19	73	47	126	119	42	1	92	103	174	44	18	41	9	37	0	5	443	0.336343115124	0.803947368421	82.5	17.0384615385	229	160	32	13	64	72	83	62	38	26	19	8	4	4	4	1	0	0	2	0	0	0	0	0	58	173	0	25	1	25.0	2280.0	443.0	0	0	10	0
11545	0.00259852750108	0.0220008661758	0.161715028151	739	140	284	372	1125	172	194	467	776	29	74	373	223	603	649	212	15	536	720	835	261	85	153	17	167	13	47	2005	0.34114713217	0.813685578172	110.019230769	19.2788461538	909	684	95	54	282	347	301	238	128	167	106	87	67	41	24	12	6	2	1	1	0	1	1	0	303	726	0	103	1	103.0	11545.0	2005.0	0	34	13	0
717	0.0	0.0432357043236	0.15760111576	48	6	20	22	70	20	11	19	49	1	6	23	11	51	44	12	1	40	37	44	12	6	11	2	14	0	0	118	0.364406779661	0.81450488145	64.1818181818	10.7272727273	97	83	12	3	15	25	15	11	8	15	7	8	3	1	0	3	0	0	0	0	0	0	0	0	20	42	0	10	1	10.0	717.0	118.0	0	2	0	0
1616	0.00804455445545	0.0167079207921	0.165841584158	106	25	33	44	173	24	31	76	98	5	6	57	30	78	84	28	1	72	86	144	40	23	22	0	17	0	5	270	0.333333333333	0.814356435644	106.8	18.0	171	132	20	6	41	43	53	36	24	25	12	11	12	4	0	1	0	0	1	0	0	0	0	0	32	122	0	14	1	14.0	1616.0	270.0	0	0	0	1
3445	0.000580551523948	0.0316400580552	0.166328011611	243	34	76	120	356	61	49	124	204	4	35	102	57	205	201	51	1	195	193	238	71	32	57	0	58	4	8	583	0.360205831904	0.805805515239	97.2	16.6571428571	321	244	36	20	94	96	85	80	60	41	35	43	11	2	3	2	1	0	0	0	1	0	0	0	98	236	0	34	1	34.0	3445.0	583.0	0	16	10	0
12534	0.00239348970799	0.0836125737993	0.155337482049	938	199	356	403	1168	137	171	431	703	92	148	507	314	733	621	216	8	737	605	686	230	119	156	20	165	28	22	2057	0.251823043267	0.800303175363	159.58974359	26.3717948718	1117	851	136	56	175	287	347	305	271	197	142	59	54	33	15	5	0	1	1	0	0	0	0	0	591	459	0	77	1	77.0	12534.0	2057.0	0	0	37	0
3061	0.000653381247958	0.0444299248612	0.147664162039	233	22	107	107	256	46	59	88	174	9	22	89	59	242	221	54	0	189	166	233	72	18	21	8	36	0	2	467	0.301927194861	0.832407709899	104.24137931	16.1034482759	255	183	37	6	71	64	41	64	28	71	24	33	23	11	7	5	5	0	0	0	0	0	0	0	66	150	0	28	1	28.0	3061.0	467.0	0	7	8	0
2586	0.0	0.030162412993	0.165506573859	174	25	63	71	253	40	65	83	158	0	13	70	60	160	163	53	1	141	133	186	62	20	32	6	39	2	3	470	0.331914893617	0.818252126837	111.47826087	20.4347826087	258	194	39	10	86	60	58	62	38	42	26	19	11	6	9	1	1	0	0	0	0	0	0	0	45	165	0	22	1	22.0	2586.0	470.0	0	0	11	1
2767	0.0122876761836	0.0430068666426	0.170220455367	179	38	69	69	259	41	36	100	135	2	23	79	48	194	166	55	2	136	170	204	59	20	45	4	43	0	12	492	0.361788617886	0.805926996747	101.518518519	18.2222222222	247	158	49	16	69	93	94	55	31	52	23	10	9	11	6	3	0	0	0	0	0	0	0	0	73	180	0	26	1	26.0	2767.0	492.0	0	2	0	1
4442	0.0013507429086	0.0267897343539	0.16591625394	283	62	97	121	405	56	71	162	271	5	27	156	113	247	258	72	1	251	242	350	119	29	65	7	74	4	5	800	0.33125	0.81629896443	103.761904762	19.0476190476	395	281	60	18	112	135	142	82	49	69	47	41	21	7	8	3	3	1	0	0	0	0	0	0	90	316	0	41	1	41.0	4442.0	800.0	0	0	19	1
1847	0.00324851109908	0.0319436924743	0.170546832702	131	16	52	65	191	32	27	75	103	2	20	54	36	94	105	23	1	95	107	134	41	17	32	1	18	0	3	331	0.401812688822	0.808337845154	83.0	15.0454545455	171	98	44	8	48	77	51	30	27	32	12	14	4	3	7	3	0	0	0	0	0	0	0	0	40	120	0	21	1	21.0	1847.0	331.0	0	0	0	0
2264	0.000883392226148	0.0340106007067	0.162544169611	156	11	93	80	217	49	45	76	105	2	6	67	43	131	166	41	0	136	99	207	38	10	32	0	36	1	4	373	0.372654155496	0.8175795053	140.0	23.3125	208	151	25	19	49	69	33	57	31	34	27	33	7	4	2	0	0	1	0	0	0	0	1	0	47	130	0	15	1	15.0	2264.0	373.0	0	10	0	0
1957	0.00919775166071	0.0245273377619	0.176290240164	106	25	31	56	161	36	38	80	108	4	16	70	42	114	139	37	0	89	91	167	54	10	25	1	36	0	8	369	0.349593495935	0.805825242718	83.0434782609	16.0434782609	215	165	21	10	54	65	71	52	36	18	9	17	9	2	2	0	0	0	0	1	0	0	0	0	43	140	0	22	1	22.0	1957.0	369.0	0	0	6	1
31	0.0	0.129032258065	0.129032258065	2	1	1	1	4	1	0	0	3	0	0	0	1	4	2	0	0	1	2	2	0	0	2	0	0	0	0	5	0.4	0.870967741935	0.0	5.0	5	5	0	0	1	1	1	0	0	1	0	0	0	1	0	0	0	0	0	0	0	0	0	0	0	3	0	0	1	0.0	31.0	5.0	0	0	0	1
292	0.0	0.0479452054795	0.184931506849	24	4	7	5	26	11	11	14	17	0	4	8	7	17	22	3	0	17	9	20	2	1	3	0	3	0	0	56	0.464285714286	0.808219178082	0.0	56.0	42	36	3	2	9	15	8	9	3	3	2	2	1	1	0	0	0	0	0	0	0	0	0	0	2	24	0	0	1	0.0	292.0	56.0	0	0	0	1
2926	0.00205058099795	0.0222146274778	0.176349965824	173	32	63	111	245	32	53	108	192	6	13	93	61	179	203	42	1	119	138	213	78	22	52	3	58	0	0	564	0.372340425532	0.800751879699	120.083333333	23.5	279	193	39	23	94	93	91	62	52	37	30	13	10	4	5	1	1	0	0	0	0	0	1	0	73	234	0	23	1	23.0	2926.0	564.0	0	0	3	1
1640	0.00121951219512	0.0317073170732	0.17012195122	113	26	35	50	163	29	31	63	112	6	15	55	31	100	94	25	0	87	78	108	29	14	26	2	16	1	2	297	0.373737373737	0.810975609756	81.0	14.85	180	146	16	10	39	62	35	37	31	24	20	12	6	0	3	1	0	0	0	0	0	0	0	0	33	111	0	19	1	19.0	1640.0	297.0	0	0	1	1
4252	0.0103480714958	0.038334901223	0.161806208843	285	53	136	147	385	68	70	156	274	13	28	132	88	240	232	91	3	180	222	339	86	26	52	8	52	3	15	758	0.34036939314	0.81937911571	89.3191489362	16.1276595745	396	291	57	24	105	129	112	94	44	55	29	36	26	13	9	3	2	1	0	2	1	1	0	0	112	256	0	46	1	46.0	4252.0	758.0	0	0	14	0
2550	0.0078431372549	0.0388235294118	0.178431372549	149	30	57	79	222	45	41	101	157	5	8	113	41	154	176	28	0	92	121	196	63	30	40	2	52	0	5	473	0.405919661734	0.8	71.8857142857	13.5142857143	263	194	34	10	89	93	88	40	47	32	29	14	8	2	0	2	1	1	0	0	0	0	0	0	59	224	0	34	1	34.0	2550.0	473.0	0	0	2	0
2076	0.0019267822736	0.014450867052	0.17774566474	128	38	54	73	226	31	22	110	101	1	18	63	63	105	116	22	2	87	112	144	45	20	29	6	30	0	3	377	0.403183023873	0.79816955684	89.3043478261	16.3913043478	218	158	35	7	47	98	76	45	27	32	16	12	5	2	2	0	0	1	0	0	0	0	0	0	54	169	0	22	1	22.0	2076.0	377.0	0	0	0	1
1928	0.0134854771784	0.134854771784	0.170643153527	108	22	57	49	199	36	22	92	95	1	11	59	39	88	119	35	1	89	91	168	35	24	25	4	32	1	12	340	0.405882352941	0.801867219917	106.166666667	18.8888888889	220	174	26	15	58	64	60	34	30	24	11	18	5	2	3	1	0	2	0	0	0	0	0	0	60	137	0	17	1	17.0	1928.0	340.0	0	0	9	1
2936	0.0108991825613	0.04189373297	0.171321525886	200	32	82	95	289	45	43	122	200	6	15	99	52	181	160	33	2	126	178	182	43	35	50	3	45	4	1	532	0.390977443609	0.811648501362	101.678571429	19.0	283	219	31	16	94	98	64	65	42	47	33	20	11	5	4	4	1	0	0	0	0	0	0	0	63	202	0	27	1	27.0	2936.0	532.0	0	0	0	1
2799	0.00571632725974	0.0221507681315	0.174347981422	176	29	42	58	245	38	45	110	155	2	15	111	51	143	200	51	0	158	150	232	74	24	56	1	41	2	3	518	0.368725868726	0.806002143623	105.923076923	19.9230769231	288	220	35	11	85	95	88	58	59	35	20	15	9	8	3	2	1	0	0	0	0	0	0	0	62	203	0	25	1	25.0	2799.0	518.0	0	0	4	1
1473	0.00271554650373	0.0162932790224	0.16361167685	79	6	34	54	170	17	34	79	85	1	4	43	22	102	97	15	0	80	71	98	32	15	32	2	11	1	3	258	0.360465116279	0.820095044128	112.153846154	19.8461538462	166	131	18	6	28	59	32	29	23	23	12	15	7	2	5	0	1	0	0	0	0	0	0	0	29	104	0	12	1	12.0	1473.0	258.0	0	0	0	0
1908	0.00681341719078	0.0241090146751	0.176100628931	118	20	39	61	205	19	25	97	108	3	9	76	32	114	113	28	2	89	76	151	33	23	42	2	33	0	3	348	0.336206896552	0.808176100629	111.294117647	20.4705882353	216	173	21	7	49	61	84	51	25	24	14	7	4	6	1	4	0	0	0	0	0	0	0	0	32	157	0	16	1	16.0	1908.0	348.0	0	0	6	1
1311	0.0106788710908	0.0572082379863	0.160183066362	95	10	32	40	110	22	23	48	75	3	7	55	30	83	87	19	0	62	57	74	27	14	33	2	11	2	15	222	0.369369369369	0.794813119756	102.5	18.5	132	94	21	9	26	44	34	20	16	22	15	12	4	0	1	2	0	1	0	0	0	1	0	0	65	72	0	11	1	11.0	1311.0	222.0	0	9	0	0
3472	0.00748847926267	0.0149769585253	0.173963133641	225	48	80	106	319	58	64	93	197	7	21	116	51	199	207	68	3	155	174	252	108	30	53	23	95	7	4	629	0.379968203498	0.810195852535	111.032258065	20.2903225806	322	223	48	12	103	124	122	71	50	41	26	18	16	11	4	5	1	1	0	0	0	0	0	0	65	263	0	30	1	30.0	3472.0	629.0	0	0	0	1
21545	0.00334184265491	0.0310512880019	0.192805755396	1450	275	460	822	1905	321	322	866	1311	25	196	597	556	1113	1230	270	6	829	1029	1571	470	187	411	58	410	2	62	4264	0.472091932458	0.782919470875	74.1083916084	14.9090909091	1124	672	182	326	786	901	751	408	378	263	159	76	53	36	12	4	0	1	0	0	0	0	0	0	535	1963	0	285	1	285.0	21545.0	4264.0	0	0	0	1
2433	0.00945334977394	0.0353473078504	0.159884915742	144	17	54	67	224	32	33	87	170	14	7	62	45	134	146	31	2	135	174	191	95	23	32	1	31	5	2	418	0.334928229665	0.826140567201	134.222222222	23.2222222222	208	143	36	12	66	62	46	44	47	32	24	30	8	8	7	1	2	1	0	0	0	0	0	0	34	155	0	17	1	17.0	2433.0	418.0	0	0	6	1
5125	0.00390243902439	0.228097560976	0.164487804878	424	67	123	155	454	91	76	172	328	11	26	195	151	296	297	80	1	281	288	362	89	34	63	3	59	4	15	870	0.329885057471	0.814829268293	97.2115384615	16.7307692308	457	327	60	24	136	126	145	105	81	69	73	46	19	5	4	4	5	1	0	0	0	0	0	0	108	307	0	51	1	51.0	5125.0	870.0	0	0	7	1
1606	0.00871731008717	0.0454545454545	0.167496886675	94	18	33	47	145	32	32	46	142	6	13	55	46	122	91	15	2	69	79	114	22	7	21	4	19	5	10	277	0.350180505415	0.810087173101	144.272727273	25.1818181818	154	106	22	5	51	41	37	41	25	32	13	17	3	3	2	0	0	0	0	0	0	0	0	0	38	91	0	10	1	10.0	1606.0	277.0	0	0	13	0
2536	0.00157728706625	0.0390378548896	0.167192429022	169	43	69	76	248	54	49	72	153	2	37	70	49	139	163	53	0	113	141	179	65	23	37	7	19	4	1	429	0.319347319347	0.804416403785	96.5769230769	16.5	215	145	30	9	68	60	97	56	33	31	30	23	13	5	0	0	0	0	0	0	0	0	0	0	72	151	0	25	1	25.0	2536.0	429.0	0	8	13	1
1071	0.0112044817927	0.0700280112045	0.169000933707	70	12	31	32	94	17	19	33	60	0	6	22	16	76	81	13	0	53	56	98	25	4	10	2	10	4	0	192	0.348958333333	0.809523809524	74.2857142857	13.7142857143	122	90	20	3	33	31	35	22	13	19	14	6	1	0	1	2	1	0	1	0	0	0	0	0	28	74	0	13	1	13.0	1071.0	192.0	0	0	0	1
950	0.0	0.0336842105263	0.181052631579	63	17	17	34	85	13	11	36	56	1	5	33	14	43	52	24	1	45	46	84	19	6	17	3	12	0	0	192	0.359375	0.794736842105	93.1	19.2	109	79	16	11	27	31	38	26	9	10	8	9	1	1	1	1	0	0	0	0	0	0	0	0	25	66	0	9	1	9.0	950.0	192.0	0	0	6	0
1312	0.0	0.0297256097561	0.172256097561	79	9	35	49	106	15	45	53	89	3	9	43	22	83	74	21	0	68	51	76	42	7	25	2	23	0	17	234	0.393162393162	0.785823170732	143.777777778	26.0	133	95	21	13	27	48	40	33	14	24	6	6	3	3	3	2	0	0	1	0	0	0	0	0	57	90	0	8	1	8.0	1312.0	234.0	0	6	5	0
1171	0.00768573868488	0.0290350128096	0.165670367208	87	11	25	47	104	20	18	42	75	5	5	52	21	78	74	23	0	48	67	72	23	11	13	0	16	2	4	201	0.383084577114	0.814688300598	116.2	20.1	140	112	19	6	26	45	25	25	13	25	13	5	4	5	1	1	1	0	0	0	0	0	0	0	25	71	0	9	1	9.0	1171.0	201.0	0	0	0	1
4192	0.00286259541985	0.0169370229008	0.164360687023	297	48	93	129	387	74	73	204	253	4	19	116	97	261	235	76	1	183	232	326	82	32	69	5	47	0	8	759	0.361001317523	0.816316793893	115.472222222	21.0833333333	392	309	35	19	115	140	102	68	60	56	49	29	18	15	3	10	2	3	1	0	0	0	0	0	97	292	0	35	1	35.0	4192.0	759.0	0	0	9	0
1717	0.015725101922	0.0559114735003	0.163075131043	89	21	40	55	133	30	31	63	78	1	11	75	30	111	120	33	2	82	65	125	47	9	34	6	31	7	12	313	0.303514376997	0.80955154339	72.9130434783	13.6086956522	183	130	29	5	39	51	52	40	27	32	9	9	8	1	3	0	3	1	0	0	0	0	0	0	58	97	0	22	1	22.0	1717.0	313.0	0	0	9	1
315	0.0	0.0761904761905	0.15873015873	26	2	15	9	28	11	2	11	18	4	2	3	11	16	21	9	0	21	14	19	5	1	2	0	2	2	0	55	0.309090909091	0.815873015873	49.8333333333	9.16666666667	46	42	3	1	3	13	7	6	8	5	5	1	1	1	0	0	0	0	0	0	0	0	0	0	8	11	0	5	1	5.0	315.0	55.0	0	0	2	0
8794	0.00625426427109	0.0476461223562	0.153172617694	604	122	259	341	779	156	129	309	589	10	27	304	146	556	506	154	6	454	432	697	225	83	94	27	124	5	25	1426	0.323983169705	0.827496020014	106.219512195	17.3902439024	634	453	98	30	191	241	170	143	120	139	84	89	57	36	20	18	9	1	0	0	0	0	0	0	178	483	0	81	1	81.0	8794.0	1426.0	0	0	21	1
4788	0.00689223057644	0.0271512113617	0.170426065163	309	59	111	149	481	81	67	162	301	6	23	152	81	294	300	67	2	276	259	327	85	45	87	12	73	3	5	857	0.40723453909	0.812865497076	115.731707317	20.9024390244	424	310	53	31	148	170	121	74	69	64	44	40	23	15	8	6	3	0	1	0	0	0	0	0	85	329	0	40	1	40.0	4788.0	857.0	0	0	5	0
2866	0.00453593859037	0.023028611305	0.158060013957	217	41	85	78	249	63	69	67	180	2	14	120	53	206	169	54	0	144	183	178	54	14	37	5	30	1	9	475	0.355789473684	0.821702721563	135.523809524	22.619047619	286	233	26	16	69	83	65	37	41	35	37	27	21	11	4	6	0	0	0	0	0	0	1	0	60	169	0	20	1	20.0	2866.0	475.0	0	0	1	0
2587	0.00386548125242	0.0471588712795	0.167761886355	146	26	65	88	245	51	53	112	173	9	15	93	54	135	178	35	4	106	144	182	49	32	33	3	46	1	1	458	0.360262008734	0.817549284886	111.52173913	19.9130434783	254	184	45	15	66	84	74	47	37	33	40	17	8	2	2	7	3	0	0	0	0	0	0	0	44	164	0	22	1	22.0	2587.0	458.0	0	0	1	1
2476	0.0	0.0327140549273	0.163974151858	142	21	74	79	236	44	42	137	148	2	17	83	43	125	178	42	0	108	123	208	41	26	43	1	44	0	3	422	0.336492890995	0.81704361874	144.176470588	24.8235294118	200	124	40	8	53	80	63	54	34	43	42	17	3	3	3	0	1	0	0	0	0	0	2	0	49	136	0	16	1	16.0	2476.0	422.0	0	4	3	0
4885	0.00184237461617	0.0405322415558	0.167451381781	360	99	112	178	503	77	72	163	306	18	42	122	105	322	316	77	5	212	235	323	80	40	76	11	80	8	5	826	0.391041162228	0.809621289662	102.765957447	17.5744680851	370	246	52	31	139	151	120	89	73	74	46	47	21	12	4	9	1	0	0	0	0	0	0	0	115	303	0	46	1	46.0	4885.0	826.0	0	16	1	0
1259	0.00635424940429	0.0413026211279	0.164416203336	94	10	41	47	117	12	25	47	84	3	12	38	18	76	72	17	2	60	49	103	13	12	20	0	25	0	8	219	0.351598173516	0.802223987292	112.545454545	19.9090909091	128	85	25	13	29	34	44	19	12	19	7	10	10	6	3	1	0	0	0	0	0	0	0	0	47	71	0	10	1	10.0	1259.0	219.0	0	6	3	0
3100	0.0	0.0258064516129	0.173548387097	245	40	74	92	264	50	62	133	182	6	17	87	82	194	173	35	2	122	157	247	63	26	53	9	54	1	5	573	0.340314136126	0.807741935484	146.666666667	27.2857142857	298	221	33	15	88	92	117	79	45	29	23	21	14	7	7	1	1	0	0	0	0	0	0	0	61	231	0	20	1	20.0	3100.0	573.0	0	0	1	1
1124	0.000889679715302	0.0338078291815	0.166370106762	85	18	30	37	105	16	14	60	79	4	6	39	36	61	65	11	0	57	58	69	17	3	19	1	16	2	1	196	0.372448979592	0.815836298932	101.0	17.8181818182	129	102	14	6	29	38	18	27	27	17	9	5	6	2	2	0	2	0	0	0	0	0	0	0	21	71	0	10	1	10.0	1124.0	196.0	0	0	0	1
1662	0.00421179302046	0.0385078219013	0.186522262335	109	15	47	31	159	22	26	85	103	3	13	54	49	97	95	16	1	66	89	120	33	11	30	0	22	0	4	331	0.416918429003	0.797232250301	91.3888888889	18.3888888889	184	139	18	15	68	55	54	32	30	27	19	5	3	1	1	0	1	0	0	0	0	0	0	0	29	148	0	17	1	17.0	1662.0	331.0	0	0	0	1
654	0.00611620795107	0.0626911314985	0.162079510703	56	6	19	22	60	5	10	27	32	0	10	11	13	49	36	18	1	36	31	37	20	6	11	1	11	0	0	109	0.357798165138	0.816513761468	128.0	21.8	68	48	10	4	14	21	20	12	7	7	8	3	7	1	3	0	0	0	0	0	0	0	0	0	16	34	0	4	1	4.0	654.0	109.0	0	2	5	0
2790	0.00143369175627	0.0243727598566	0.170250896057	179	26	78	78	252	32	67	98	184	4	16	130	50	169	170	61	0	120	129	216	52	32	50	2	48	3	1	496	0.352822580645	0.814336917563	136.45	24.8	260	179	44	13	83	79	78	82	46	31	18	10	11	8	13	3	1	0	0	0	0	0	0	0	44	203	0	19	1	19.0	2790.0	496.0	0	0	7	1
2566	0.0066250974279	0.0335151987529	0.173031956352	162	38	44	82	259	26	48	95	129	3	21	58	60	175	152	28	1	108	134	209	53	17	60	1	45	1	4	485	0.331958762887	0.807092751364	104.333333333	20.2083333333	274	205	43	23	53	85	93	53	38	39	25	18	14	2	1	1	0	0	0	0	0	0	0	0	57	172	0	23	1	23.0	2566.0	485.0	0	0	0	1
1015	0.00197044334975	0.0443349753695	0.15763546798	72	12	20	35	102	18	10	37	80	0	9	33	21	68	46	13	0	54	68	66	18	12	14	0	24	3	1	166	0.343373493976	0.826600985222	110.777777778	18.4444444444	106	83	11	2	24	31	25	11	15	12	19	14	3	2	2	1	0	0	0	0	0	0	0	0	18	65	0	8	1	8.0	1015.0	166.0	0	0	5	0
3563	0.0	0.0218916643278	0.171204041538	209	26	88	113	384	62	48	155	206	5	10	115	57	187	225	77	3	171	215	303	78	29	42	7	49	1	1	639	0.391236306729	0.812517541398	130.222222222	23.6666666667	306	218	49	14	117	119	98	65	58	41	31	38	11	6	9	1	1	1	0	0	0	0	0	0	61	291	0	26	1	26.0	3563.0	639.0	0	0	16	1
1302	0.00153609831029	0.0437788018433	0.165130568356	82	24	36	35	134	16	18	63	77	1	5	68	21	64	62	28	0	65	79	77	30	11	16	1	25	0	1	238	0.302521008403	0.815668202765	71.3888888889	13.2222222222	162	136	19	5	28	39	36	34	16	25	16	7	6	1	2	1	0	0	0	0	0	0	0	0	33	78	0	17	1	17.0	1302.0	238.0	0	0	2	1
1417	0.00282286520819	0.0282286520819	0.170783345095	102	13	28	51	139	23	25	60	84	7	18	44	29	75	71	34	1	58	77	104	34	13	28	1	20	1	3	250	0.364	0.812279463656	115.666666667	20.8333333333	170	137	18	8	37	46	47	29	18	21	13	13	3	6	0	2	0	0	0	0	0	0	0	0	25	92	0	11	1	11.0	1417.0	250.0	0	0	5	1
4139	0.0048320850447	0.0393814931143	0.165982121285	242	50	92	106	374	66	58	182	253	3	22	141	81	263	262	73	1	205	274	315	121	21	58	3	57	1	16	725	0.36	0.817588789563	117.285714286	20.7142857143	380	294	47	21	117	123	93	88	57	72	41	32	25	7	6	2	0	3	1	0	0	0	0	0	72	277	0	34	1	34.0	4139.0	725.0	0	0	16	1
2756	0.0021770682148	0.0297532656023	0.165820029028	185	52	56	109	281	36	58	124	155	2	10	68	43	162	164	42	1	116	145	204	62	31	44	7	40	2	7	507	0.339250493097	0.818940493469	177.133333333	33.8	291	229	31	14	73	85	64	52	42	43	40	20	10	11	2	0	2	0	0	0	0	0	0	0	53	177	0	14	1	14.0	2756.0	507.0	0	0	1	0
2358	0.0	0.0394402035623	0.176844783715	125	22	71	83	258	65	31	119	147	4	23	64	53	106	118	37	3	121	132	157	47	18	31	3	26	3	5	447	0.346756152125	0.803647158609	88.3076923077	17.1923076923	238	169	36	11	58	86	99	55	35	29	15	13	6	5	5	0	1	0	0	0	0	0	0	0	50	153	0	25	1	25.0	2358.0	447.0	0	0	5	1
3225	0.00062015503876	0.024496124031	0.177364341085	214	56	86	90	290	36	49	151	154	9	49	125	52	161	196	57	0	144	153	275	89	24	53	1	53	1	5	595	0.346218487395	0.804031007752	88.6111111111	16.5277777778	306	218	40	25	75	106	115	92	52	51	26	15	11	3	1	1	0	0	0	0	0	0	0	0	63	249	0	35	1	35.0	3225.0	595.0	0	0	1	1
3444	0.00232288037166	0.0168408826945	0.167537746806	217	54	83	115	342	63	44	152	191	4	30	104	73	212	192	43	2	169	177	255	77	35	63	5	42	2	10	621	0.347826086957	0.813879210221	113.833333333	20.7	327	255	34	19	93	104	107	60	41	49	40	35	12	9	4	3	2	0	0	0	0	0	0	0	66	214	0	29	1	29.0	3444.0	621.0	0	0	0	1
2082	0.00384245917387	0.021613832853	0.170989433237	151	24	55	71	195	33	39	78	114	0	17	66	51	117	107	37	0	92	107	156	50	23	25	0	35	0	2	393	0.315521628499	0.810758885687	101.7	19.65	216	153	44	10	43	71	60	62	34	29	28	10	5	4	0	0	1	0	0	0	0	0	0	0	42	135	0	19	1	19.0	2082.0	393.0	0	0	6	0
1930	0.0	0.0569948186528	0.164248704663	146	24	43	45	169	42	51	56	124	3	6	60	35	128	115	28	1	107	116	161	33	10	15	0	22	1	4	345	0.359420289855	0.815025906736	79.4166666667	14.375	176	125	22	17	50	57	57	31	18	22	20	20	7	10	4	2	1	0	2	0	0	0	0	0	41	118	0	23	1	23.0	1930.0	345.0	0	0	5	0
1280	0.00625	0.0421875	0.153125	100	12	33	41	124	25	25	41	83	2	2	49	33	77	81	35	2	66	58	91	21	18	7	1	13	2	2	199	0.306532663317	0.821875	126.0	19.9	123	86	22	8	31	22	22	22	23	19	22	17	7	1	2	1	0	0	0	0	0	0	0	0	34	67	0	9	1	9.0	1280.0	199.0	0	6	1	0
1757	0.00170745589072	0.0381331815595	0.1656232214	126	23	47	63	147	17	32	65	95	2	14	49	42	93	113	28	0	84	79	134	48	18	34	1	30	0	8	323	0.297213622291	0.807057484348	73.0869565217	14.0434782609	203	163	22	10	33	53	51	53	32	30	10	7	6	3	1	1	1	0	0	0	0	0	0	0	57	112	0	22	1	22.0	1757.0	323.0	0	0	9	0
9869	0.00344513121897	0.0292836153612	0.169216739285	680	131	270	322	911	111	164	403	529	18	75	316	216	598	578	177	9	433	471	794	194	57	185	11	139	1	24	1826	0.34282584885	0.808795217347	139.857142857	26.0857142857	705	486	98	47	254	324	308	200	147	144	75	76	47	24	14	3	3	1	1	1	1	0	0	0	229	654	0	69	1	69.0	9869.0	1826.0	0	9	45	0
1860	0.00430107526882	0.0252688172043	0.180107526882	111	22	46	44	205	26	24	96	92	1	10	44	42	104	113	23	0	92	122	148	27	23	31	4	17	0	3	348	0.396551724138	0.8	129.928571429	24.8571428571	204	159	22	7	60	71	61	51	31	22	13	8	4	4	3	1	0	0	0	0	0	0	0	0	40	151	0	13	1	13.0	1860.0	348.0	0	0	3	1
1493	0.0	0.0482250502344	0.176155391829	96	20	29	42	127	19	28	66	100	3	16	66	23	72	78	30	1	44	86	124	30	7	33	2	26	3	0	297	0.319865319865	0.807769591427	113.230769231	22.8461538462	149	93	35	5	42	48	50	43	23	31	7	8	4	1	2	0	0	0	0	0	0	0	0	0	28	93	0	12	1	12.0	1493.0	297.0	0	0	7	0
2451	0.00122399020808	0.0265197878417	0.179926560588	137	17	36	76	224	49	49	113	144	2	15	77	48	142	171	29	2	95	142	189	60	18	47	5	29	0	2	480	0.391666666667	0.799265605875	100.25	20.0	247	185	31	10	81	97	84	64	31	25	16	13	11	4	3	2	0	0	0	0	1	0	0	0	59	198	0	23	1	23.0	2451.0	480.0	0	0	0	1
1676	0.0035799522673	0.0328162291169	0.170047732697	98	27	25	57	157	21	35	97	100	3	15	85	18	97	95	16	0	81	90	108	40	9	35	1	25	0	8	303	0.366336633663	0.813245823389	117.642857143	21.6428571429	185	144	22	8	36	67	43	42	23	26	19	7	7	4	3	0	0	1	0	0	0	0	0	0	32	115	0	13	1	13.0	1676.0	303.0	0	0	3	1
2374	0.0	0.0240101095198	0.16849199663	144	37	68	79	219	44	36	101	134	4	17	105	47	142	159	38	2	103	97	201	58	11	35	2	29	1	7	413	0.360774818402	0.812131423757	167.285714286	29.5	232	171	31	5	71	73	74	49	34	31	23	15	16	3	4	2	1	0	0	0	0	0	0	0	50	173	0	13	1	13.0	2374.0	413.0	0	0	13	1
4598	0.00521966072205	0.0556763810352	0.154849934754	308	64	130	183	377	65	61	160	330	8	24	173	81	329	253	65	4	223	230	371	120	41	57	9	71	0	15	745	0.331543624161	0.826011309265	105.953488372	17.3255813953	384	269	71	16	102	129	107	59	61	78	48	39	37	10	13	12	1	1	0	0	0	0	0	0	91	275	0	42	1	42.0	4598.0	745.0	0	0	14	1
3336	0.00569544364508	0.0386690647482	0.159172661871	203	46	110	105	325	57	69	130	221	12	14	114	72	183	216	53	0	183	180	241	70	33	43	0	43	0	8	549	0.353369763206	0.827338129496	184.388888889	30.5	304	231	40	10	94	90	63	63	46	39	58	24	24	12	3	2	2	0	1	0	1	0	0	0	48	210	0	17	1	17.0	3336.0	549.0	0	0	11	1
1583	0.00379027163613	0.0322173089071	0.165508528111	89	9	67	42	158	26	16	69	99	2	17	64	18	100	105	34	0	74	61	122	47	7	23	5	27	1	2	266	0.345864661654	0.815540113708	120.076923077	20.4615384615	172	141	16	10	31	50	45	29	31	22	23	7	6	2	4	1	1	0	0	0	0	0	0	0	32	97	0	12	1	12.0	1583.0	266.0	0	2	3	0
1524	0.00459317585302	0.0347769028871	0.162729658793	121	15	45	45	156	31	30	71	84	3	7	50	30	110	91	28	0	75	73	92	24	16	15	5	21	1	4	258	0.333333333333	0.824146981627	123.833333333	21.5	160	123	19	3	29	53	40	32	16	31	17	14	6	4	2	1	0	0	0	0	0	0	0	0	22	93	0	11	1	11.0	1524.0	258.0	0	0	0	1
1576	0.0	0.0272842639594	0.16307106599	104	23	52	50	157	22	24	78	98	0	17	55	24	104	102	22	0	61	74	122	24	15	23	0	16	0	6	268	0.320895522388	0.807106598985	129.583333333	22.3333333333	164	122	21	8	36	40	43	37	27	17	23	14	6	2	0	1	1	1	0	0	0	0	0	0	52	111	0	11	1	11.0	1576.0	268.0	0	14	5	0
58	0.0	0.0862068965517	0.172413793103	3	2	0	3	8	1	1	1	3	0	0	3	0	3	2	1	0	4	5	1	2	0	1	0	3	0	0	11	0.363636363636	0.810344827586	28.5	5.5	11	11	0	0	2	2	4	0	1	1	1	0	0	0	0	0	0	0	0	0	0	0	0	0	1	5	0	1	1	1.0	58.0	11.0	0	0	0	1
3206	0.00686213349969	0.0327510917031	0.16562694947	215	29	67	104	269	54	58	122	182	3	19	123	81	207	218	55	0	146	151	257	68	33	35	0	49	4	5	577	0.306759098787	0.816905801622	132.625	24.0416666667	306	219	47	9	72	96	97	78	44	56	29	21	19	3	4	4	0	0	0	0	0	0	0	0	65	199	0	23	1	23.0	3206.0	577.0	0	0	19	1
2843	0.0225114315864	0.0548716144917	0.157228279986	153	36	62	70	245	50	44	103	137	9	12	136	65	161	185	76	2	114	146	212	62	14	52	5	48	2	31	486	0.333333333333	0.813928948294	83.8484848485	14.7272727273	260	201	25	26	59	77	74	51	42	40	20	30	6	3	3	1	5	1	2	3	0	1	0	0	107	147	0	32	1	32.0	2843.0	486.0	0	0	8	0
9806	0.00540485417092	0.0280440546604	0.166734652254	626	149	211	294	1011	178	123	408	503	16	63	318	201	530	583	156	8	476	507	742	206	78	169	19	168	9	28	1800	0.352222222222	0.81123801754	114.376470588	21.1764705882	821	606	114	48	239	347	291	163	174	118	80	57	51	26	16	6	9	3	1	1	4	0	0	0	251	677	0	84	1	84.0	9806.0	1800.0	0	4	20	0
2070	0.0048309178744	0.0367149758454	0.177777777778	119	18	41	60	186	29	32	92	145	8	22	56	44	131	129	32	3	92	96	183	33	8	38	4	25	0	0	375	0.384	0.791787439614	102.05	18.75	193	123	41	8	72	64	74	52	34	34	12	6	3	6	2	1	1	0	0	0	0	0	0	0	66	152	0	19	1	19.0	2070.0	375.0	0	16	8	0
2121	0.001414427157	0.115040075436	0.165487977369	129	27	43	51	215	27	49	90	119	3	20	59	44	125	124	56	0	103	116	152	58	25	36	1	27	0	1	364	0.362637362637	0.809995285243	67.4516129032	11.7419354839	239	188	32	10	58	64	48	43	38	33	24	17	7	6	0	3	1	0	0	0	0	0	0	0	53	141	0	30	1	30.0	2121.0	364.0	0	0	16	1
3071	0.00260501465321	0.0348420709866	0.167372191469	219	43	74	88	279	40	57	143	185	4	26	103	65	171	177	56	0	150	157	237	59	24	49	2	50	4	5	545	0.36880733945	0.815369586454	127.0	22.7083333333	312	244	35	11	76	114	81	66	46	37	27	25	12	11	0	5	1	1	1	0	1	0	0	0	57	197	0	23	1	23.0	3071.0	545.0	0	0	8	0
5730	0.000698080279232	0.0324607329843	0.16369982548	397	71	167	191	493	79	94	228	338	4	53	192	150	326	324	117	0	277	267	403	139	53	79	10	73	1	23	1043	0.31447746884	0.80907504363	111.176470588	20.4509803922	507	397	50	38	124	166	154	139	91	73	39	51	31	14	10	3	2	2	2	0	0	0	0	0	177	330	0	50	1	50.0	5730.0	1043.0	0	5	29	0
2426	0.0115416323166	0.0263808738664	0.169002473207	175	33	51	79	215	49	38	108	151	6	18	92	66	126	122	26	1	123	125	178	55	10	42	1	34	2	1	426	0.333333333333	0.814097279472	126.736842105	22.4210526316	241	170	44	12	49	81	83	50	40	35	26	17	11	4	1	0	2	0	0	0	0	0	0	0	43	162	0	18	1	18.0	2426.0	426.0	0	0	0	1
2480	0.00483870967742	0.0463709677419	0.167338709677	154	46	67	92	260	25	38	85	142	7	17	93	43	154	141	43	1	118	120	156	52	19	45	2	31	1	2	455	0.331868131868	0.808064516129	66.0540540541	12.2972972973	236	172	31	8	66	77	68	57	43	31	32	16	8	6	0	1	3	0	0	0	0	0	0	0	64	159	0	36	1	36.0	2480.0	455.0	0	0	8	1
2059	0.0	0.0548810101991	0.151044196212	138	27	60	95	161	30	27	80	150	1	8	75	35	140	135	30	1	107	100	175	55	20	24	2	29	0	6	329	0.306990881459	0.837785332686	157.461538462	25.3076923077	195	156	19	7	38	56	46	32	25	33	17	16	18	10	6	6	1	1	0	0	0	0	0	0	29	120	0	12	1	12.0	2059.0	329.0	0	0	10	1
2181	0.00366804218249	0.0343878954608	0.15818431912	168	33	58	74	235	28	34	76	150	2	10	77	42	131	107	38	2	102	135	181	34	22	19	1	27	5	1	356	0.323033707865	0.829894543787	166.846153846	27.3846153846	205	155	32	9	53	53	61	35	31	30	21	23	12	4	7	3	2	1	1	0	0	0	0	0	30	139	0	12	1	12.0	2181.0	356.0	0	1	4	1
1612	0.00434243176179	0.0452853598015	0.156327543424	101	10	45	58	184	31	12	37	92	4	4	52	41	66	90	39	2	104	88	141	56	8	15	6	28	0	0	259	0.339768339768	0.82382133995	93.8823529412	15.2352941176	177	143	17	8	41	39	18	37	21	33	23	21	5	3	1	3	0	0	0	0	0	0	0	0	33	92	0	16	1	16.0	1612.0	259.0	0	0	5	1
2010	0.0	0.0233830845771	0.160696517413	113	27	60	88	184	30	27	54	135	2	22	59	40	118	131	62	2	101	84	142	47	14	37	3	42	2	13	341	0.378299120235	0.817412935323	131.266666667	22.7333333333	214	172	21	3	59	67	45	35	29	21	19	17	11	4	6	4	2	0	1	0	1	0	0	0	46	128	0	14	1	14.0	2010.0	341.0	0	0	5	0
1385	0.0	0.0346570397112	0.17761732852	77	19	31	32	142	19	21	60	80	4	9	64	38	76	83	18	1	64	65	89	35	7	25	4	27	2	1	270	0.351851851852	0.805776173285	72.2777777778	15.0	178	146	20	8	34	53	39	48	13	31	9	5	5	1	1	0	0	0	0	0	0	0	0	0	31	103	0	17	1	17.0	1385.0	270.0	0	0	2	0
2268	0.00837742504409	0.0418871252205	0.163139329806	156	26	51	82	175	26	44	78	143	2	16	66	55	142	147	44	2	129	126	175	58	12	39	3	23	1	12	385	0.345454545455	0.819223985891	125.055555556	21.3888888889	250	204	25	15	60	58	43	59	34	35	30	12	13	5	1	1	2	2	0	1	0	0	0	0	44	137	0	17	1	17.0	2268.0	385.0	0	0	5	1
2681	0.000745990302126	0.0276016411787	0.156284968295	176	26	68	87	258	44	42	102	203	2	11	104	73	141	151	35	3	142	174	189	53	22	35	5	44	2	2	446	0.313901345291	0.827303245058	110.75	18.5833333333	263	209	23	6	66	67	65	51	33	31	33	35	12	6	8	2	2	1	0	0	0	1	0	0	45	168	0	23	1	23.0	2681.0	446.0	0	0	0	1
1886	0.00318133616119	0.0328738069989	0.168610816543	121	26	49	74	172	37	35	73	107	4	13	51	37	115	102	37	1	86	107	149	44	12	29	2	22	0	4	341	0.343108504399	0.813891834571	91.2	17.05	216	171	25	8	50	59	55	38	35	31	12	14	9	4	1	0	1	1	1	0	0	0	0	0	50	116	0	19	1	19.0	1886.0	341.0	0	0	12	0
1192	0.00587248322148	0.0570469798658	0.177852348993	93	15	25	37	118	23	24	53	61	3	6	34	17	80	52	12	1	63	64	87	34	8	22	0	17	0	0	219	0.383561643836	0.807046979866	98.4166666667	18.25	147	118	16	11	27	46	35	23	26	25	15	1	2	0	2	0	0	0	0	0	0	0	0	0	19	82	0	11	1	11.0	1192.0	219.0	0	0	0	1
1901	0.00315623356128	0.0257759074171	0.176749079432	115	25	54	70	198	48	25	94	106	4	8	68	27	89	120	18	0	89	92	150	38	18	31	3	21	0	3	345	0.397101449275	0.801683324566	78.25	14.375	199	153	18	11	47	74	65	39	30	23	17	9	10	2	3	2	0	0	0	0	0	0	0	0	41	135	0	23	1	23.0	1901.0	345.0	0	0	3	1
2934	0.0	0.48773006135	0.183367416496	164	43	59	100	265	54	56	123	193	9	17	82	58	171	177	66	1	123	152	236	93	19	45	1	29	0	1	554	0.454873646209	0.802999318337	171.647058824	32.5882352941	335	258	40	26	113	113	81	49	51	41	25	16	11	7	6	0	0	0	0	0	0	0	0	0	40	267	0	16	1	16.0	2934.0	554.0	0	0	11	1
2234	0.0053715308863	0.0447627573859	0.166517457475	185	57	55	56	199	33	28	93	153	3	16	72	41	115	118	35	4	109	112	166	47	14	30	2	28	1	7	402	0.358208955224	0.813786929275	84.9615384615	15.4615384615	244	191	29	11	66	65	57	51	28	27	21	15	6	15	5	4	0	0	0	0	0	0	0	0	51	145	0	25	1	25.0	2234.0	402.0	0	0	0	1
3082	0.00421804023361	0.0133030499676	0.180726800779	192	48	61	90	304	48	52	135	154	3	23	103	56	188	217	41	0	144	132	245	53	26	50	5	46	1	7	592	0.412162162162	0.79980532122	132.913043478	25.7391304348	291	207	42	21	107	116	98	71	45	29	28	19	12	5	4	0	2	0	1	0	0	0	0	0	64	277	0	22	1	22.0	3082.0	592.0	0	0	1	1
2047	0.00439667806546	0.0254030288227	0.155349291646	142	24	60	71	184	38	40	63	161	2	2	62	44	140	128	29	0	100	98	152	54	19	24	4	32	3	2	326	0.361963190184	0.826086956522	156.538461538	25.0769230769	206	166	24	10	45	63	37	32	27	26	26	18	19	8	4	2	2	0	0	0	0	0	0	0	40	128	0	12	1	12.0	2047.0	326.0	0	7	0	1
4014	0.00572994519183	0.02192326856	0.16716492277	276	48	142	122	409	76	62	129	223	1	28	128	81	250	244	79	0	234	162	279	74	35	56	5	68	2	9	677	0.392909896603	0.806925759841	124.4375	21.15625	374	279	51	17	128	120	103	83	61	47	33	34	23	8	3	3	2	3	3	0	0	0	0	0	105	291	0	31	1	31.0	4014.0	677.0	0	21	11	0
1540	0.0012987012987	0.0415584415584	0.18961038961	88	14	36	52	148	26	24	77	94	2	21	48	29	67	110	20	0	74	63	115	26	11	28	2	19	0	3	309	0.414239482201	0.79025974026	98.8	20.6	171	123	20	20	50	56	54	42	27	10	20	9	3	0	0	0	0	0	0	0	0	0	0	0	35	127	0	14	1	14.0	1540.0	309.0	0	0	0	1
987	0.00607902735562	0.0587639311044	0.16210739615	56	12	21	33	94	10	29	35	57	0	7	24	21	47	57	17	3	51	60	80	26	7	20	0	17	0	4	171	0.298245614035	0.811550151976	47.4	8.55	126	106	11	9	22	20	28	24	18	17	10	4	4	0	3	0	1	0	0	0	0	0	0	0	30	58	0	19	1	19.0	987.0	171.0	0	0	0	0
2749	0.00691160421972	0.0251000363769	0.17824663514	188	24	92	99	257	44	42	149	142	4	29	86	46	138	165	25	0	135	131	221	47	17	44	2	30	0	3	519	0.402697495183	0.801382320844	113.583333333	21.625	253	172	38	24	72	113	69	69	43	46	27	12	8	6	1	1	0	0	0	0	0	0	0	0	57	197	0	23	1	23.0	2749.0	519.0	0	0	0	0
194	0.020618556701	0.0979381443299	0.154639175258	7	4	6	2	26	4	1	3	8	0	2	4	0	17	12	5	0	15	12	14	2	2	4	2	2	0	1	31	0.387096774194	0.819587628866	34.2	6.2	25	20	2	1	2	8	4	3	0	2	7	2	0	1	0	0	0	0	0	0	0	0	0	0	5	6	0	4	1	4.0	194.0	31.0	0	0	0	0
627	0.00318979266348	0.0414673046252	0.145135566188	24	3	21	23	86	7	7	27	41	0	4	16	12	28	28	16	0	38	41	50	22	10	6	2	3	1	1	96	0.270833333333	0.835725677831	88.7142857143	13.7142857143	60	42	11	1	10	15	9	13	10	14	7	6	1	1	2	0	2	0	1	0	0	0	0	0	13	33	0	6	1	6.0	627.0	96.0	0	0	4	1
3312	0.0229468599034	0.0609903381643	0.163949275362	243	66	92	83	330	44	50	137	154	8	16	67	76	155	162	62	1	164	170	265	71	44	49	4	51	5	31	580	0.356896551724	0.812198067633	116.285714286	20.7142857143	302	222	42	22	61	123	94	76	41	38	23	26	9	12	5	5	0	0	4	1	0	1	0	0	102	193	0	27	1	27.0	3312.0	580.0	1	0	4	0
194	0.020618556701	0.0979381443299	0.154639175258	7	4	6	2	26	4	1	3	8	0	2	4	0	17	12	5	0	15	12	14	2	2	4	2	2	0	1	31	0.387096774194	0.819587628866	34.2	6.2	25	20	2	1	2	8	4	3	0	2	7	2	0	1	0	0	0	0	0	0	0	0	0	0	5	6	0	4	1	4.0	194.0	31.0	0	0	0	0
5204	0.0238278247502	0.0384319754035	0.157763259032	377	64	140	155	380	53	89	142	312	2	31	240	102	331	330	81	2	231	268	373	96	52	49	6	51	2	19	962	0.305613305613	0.811299000769	168.24	38.48	395	253	69	6	96	186	125	105	67	63	65	37	22	14	19	11	0	0	0	0	0	0	0	0	300	242	0	24	1	24.0	5204.0	962.0	0	30	24	0
1665	0.0	0.0432432432432	0.165765765766	128	20	37	55	154	25	31	68	90	1	9	45	37	103	98	17	0	97	96	130	25	9	26	1	28	0	0	302	0.334437086093	0.816816816817	117.285714286	21.5714285714	162	116	27	10	35	56	30	39	32	32	20	14	6	2	0	1	0	0	0	0	0	0	0	0	32	105	0	13	1	13.0	1665.0	302.0	0	0	14	0
2575	0.0	0.021359223301	0.176310679612	187	32	62	62	256	33	37	110	170	3	19	91	55	126	159	39	1	99	141	234	52	19	43	3	36	1	0	458	0.379912663755	0.804660194175	105.125	19.0833333333	249	186	31	9	98	67	90	54	45	35	20	21	8	5	2	1	0	0	0	0	0	0	0	0	50	222	0	23	1	23.0	2575.0	458.0	0	10	4	1
1492	0.00134048257373	0.0435656836461	0.170241286863	97	10	47	47	141	22	20	68	91	1	12	45	28	92	95	24	0	95	73	106	21	16	33	5	14	0	3	264	0.378787878788	0.815013404826	96.2	17.6	175	143	14	5	44	51	39	25	23	29	18	11	6	3	1	0	0	0	0	0	0	0	0	0	23	100	0	14	1	14.0	1492.0	264.0	0	0	0	1
348	0.0	0.0459770114943	0.163793103448	22	1	13	11	25	8	5	10	25	0	1	15	7	25	28	4	0	20	12	31	8	3	4	0	2	0	0	60	0.383333333333	0.813218390805	78.6666666667	20.0	48	41	4	4	9	10	4	9	4	9	4	3	1	0	0	0	1	0	0	0	0	0	0	0	8	21	0	2	1	2.0	348.0	60.0	0	0	2	1
2405	0.00665280665281	0.0607068607069	0.178378378378	158	30	50	79	233	40	50	88	117	4	16	87	61	129	151	52	0	124	107	145	59	19	47	5	45	1	5	451	0.350332594235	0.804158004158	88.1111111111	16.7037037037	255	176	47	8	55	93	91	64	43	31	25	10	5	1	0	1	1	0	0	0	0	0	0	0	46	172	0	26	1	26.0	2405.0	451.0	0	0	8	1
2515	0.00238568588469	0.0318091451292	0.175347912525	165	26	47	94	240	46	44	129	159	6	19	107	37	121	139	38	2	110	130	178	57	17	48	1	34	2	3	482	0.342323651452	0.811530815109	92.1851851852	17.8518518519	282	217	36	17	67	81	80	50	50	41	30	17	4	3	2	0	0	0	0	0	0	0	0	0	42	183	0	26	1	26.0	2515.0	482.0	0	0	2	1
1086	0.0	0.0322283609576	0.15561694291	76	10	41	46	87	24	16	47	65	2	5	42	15	62	69	18	0	66	55	71	36	12	7	1	12	1	11	172	0.372093023256	0.817679558011	152.857142857	24.5714285714	104	73	18	7	27	26	18	10	12	20	20	14	7	1	4	0	0	0	0	0	0	0	0	0	31	58	0	6	1	6.0	1086.0	172.0	0	4	2	0
2290	0.0227074235808	0.0227074235808	0.158515283843	158	17	52	59	204	39	32	90	142	1	11	81	39	181	153	44	0	93	119	178	34	12	21	9	36	3	14	381	0.335958005249	0.820087336245	94.3333333333	15.875	193	140	19	9	57	62	55	36	34	38	23	18	18	4	4	3	3	0	0	0	0	0	0	0	50	146	0	23	1	23.0	2290.0	381.0	0	0	8	1
1593	0.00313873195229	0.0263653483992	0.167608286252	113	30	40	57	156	36	18	52	80	1	14	54	54	94	114	24	0	89	61	112	27	10	23	0	23	0	0	284	0.320422535211	0.818581293158	82.0	14.9473684211	180	136	29	4	41	46	53	35	22	20	23	13	4	5	1	1	0	0	0	0	0	0	0	0	27	113	0	18	1	18.0	1593.0	284.0	0	0	6	1
1619	0.0	0.0333539221742	0.174799258802	97	23	23	70	165	35	20	61	97	2	23	60	23	97	103	23	0	69	77	105	33	11	23	2	24	0	4	300	0.4	0.789376158122	114.0	21.4285714286	163	113	24	9	56	54	51	32	24	17	12	16	8	1	2	1	0	0	0	0	0	0	0	0	60	123	0	13	1	13.0	1619.0	300.0	0	18	8	0
2112	0.0061553030303	0.0511363636364	0.151988636364	101	38	40	61	220	29	40	76	131	4	25	78	71	115	117	44	1	110	97	158	55	24	33	2	33	2	10	348	0.316091954023	0.825757575758	76.962962963	12.8888888889	210	159	27	2	45	63	41	39	35	36	18	16	10	8	0	2	1	1	1	0	0	1	0	0	54	120	0	26	1	26.0	2112.0	348.0	0	0	6	0
1612	0.00992555831266	0.0161290322581	0.158188585608	101	17	36	45	159	16	35	47	115	5	8	63	28	82	103	35	0	84	96	138	34	13	22	1	18	3	0	259	0.34749034749	0.820099255583	123.0	19.9230769231	164	115	31	9	42	39	43	24	20	21	17	13	17	6	2	2	1	0	0	0	0	0	0	0	36	100	0	12	1	12.0	1612.0	259.0	0	9	0	1
2397	0.00876095118899	0.0371297455152	0.16854401335	154	22	59	58	218	45	52	87	132	11	24	74	70	113	130	53	0	117	128	171	55	15	47	1	38	2	8	432	0.368055555556	0.802670004172	77.6	14.4	258	201	32	12	74	73	75	45	31	31	27	18	6	5	2	1	1	1	1	0	0	1	0	0	77	167	0	29	1	29.0	2397.0	432.0	0	0	11	0
3531	0.00509770603229	0.0447465307278	0.159161710564	222	57	90	116	382	77	78	112	243	4	14	128	70	194	174	60	1	183	175	267	61	30	50	9	53	3	10	566	0.34628975265	0.813650523931	159.545454545	25.7272727273	294	208	38	15	84	96	83	57	68	51	42	32	12	5	3	11	3	0	0	0	0	0	0	0	96	194	0	21	1	21.0	3531.0	566.0	0	24	15	1
2064	0.00290697674419	0.0218023255814	0.168604651163	137	18	45	75	208	72	33	98	121	8	9	50	34	100	101	23	2	117	127	135	43	12	52	3	29	0	10	359	0.370473537604	0.808139534884	132.933333333	23.9333333333	210	162	21	6	44	83	58	47	28	28	30	9	7	6	2	1	0	0	0	0	0	0	0	0	49	148	0	14	1	14.0	2064.0	359.0	0	0	0	0
2650	0.00150943396226	0.0188679245283	0.160754716981	167	29	76	68	254	39	44	92	164	6	12	104	38	167	167	46	1	151	143	203	66	19	40	3	31	9	5	456	0.322368421053	0.819245283019	93.6785714286	16.2857142857	271	207	34	16	65	66	69	56	37	40	22	20	16	9	5	2	2	1	0	0	0	0	0	0	58	173	0	27	1	27.0	2650.0	456.0	0	0	0	1
1114	0.0	0.0224416517056	0.159784560144	88	25	28	48	111	14	11	35	59	0	1	50	30	63	59	14	0	73	61	64	24	6	15	1	21	0	1	200	0.35	0.827648114901	122.555555556	22.2222222222	125	96	16	3	34	33	21	16	14	19	18	7	5	2	2	2	3	0	0	0	0	0	0	0	18	76	0	8	1	8.0	1114.0	200.0	0	0	0	1
1940	0.00618556701031	0.0314432989691	0.167010309278	136	31	55	72	153	27	34	79	146	1	6	59	45	108	106	34	2	109	97	151	43	7	22	1	20	1	4	330	0.378787878788	0.804639175258	119.6875	20.625	184	127	30	15	45	64	45	38	32	40	16	11	10	4	2	1	1	0	0	0	0	0	0	0	59	122	0	15	1	15.0	1940.0	330.0	0	18	18	0
2997	0.004004004004	0.03003003003	0.164164164164	182	40	64	69	275	41	57	101	193	3	21	106	67	186	186	40	1	143	156	247	94	31	44	2	54	2	8	516	0.354651162791	0.815148481815	114.307692308	19.8461538462	291	213	42	15	76	92	91	38	50	51	28	19	15	6	3	5	0	1	0	1	0	0	1	0	65	213	0	25	1	25.0	2997.0	516.0	0	0	2	0
2950	0.00406779661017	0.0410169491525	0.177627118644	196	35	69	65	263	46	48	137	151	2	28	101	52	150	197	38	0	147	153	259	72	18	54	1	40	1	7	549	0.353369763206	0.800677966102	72.775	13.725	281	189	50	13	69	112	115	78	50	35	21	17	9	3	3	0	0	0	0	0	0	0	0	0	66	219	0	39	1	39.0	2950.0	549.0	0	0	0	1
838	0.0190930787589	0.0656324582339	0.169451073986	55	8	15	29	60	10	11	40	48	1	7	36	14	39	40	19	0	43	41	64	24	4	20	2	15	3	3	158	0.341772151899	0.811455847255	50.5	9.875	115	98	10	7	19	28	26	17	12	16	9	4	3	0	0	0	0	0	0	1	0	0	0	0	25	59	0	15	1	15.0	838.0	158.0	0	0	6	1
2096	0.00715648854962	0.0362595419847	0.170324427481	130	32	56	62	193	31	46	84	125	6	20	97	37	127	125	32	0	88	90	162	39	23	38	3	17	1	3	375	0.325333333333	0.81106870229	109.368421053	19.7368421053	225	172	30	8	58	56	71	43	39	36	26	8	6	2	4	1	0	0	0	0	0	0	0	0	41	142	0	18	1	18.0	2096.0	375.0	0	0	1	0
5484	0.0018234865062	0.0289934354486	0.172319474836	346	52	126	198	528	95	76	243	326	3	22	191	137	353	324	96	1	280	298	345	113	49	99	7	74	0	11	988	0.411943319838	0.807986870897	147.243243243	26.7027027027	496	380	62	34	158	215	130	94	97	80	48	36	24	16	9	2	0	2	1	0	0	0	0	0	119	414	0	36	1	36.0	5484.0	988.0	0	0	22	0
1650	0.0	0.0333333333333	0.173333333333	99	21	38	63	127	19	29	57	98	1	8	63	43	104	102	30	0	62	86	137	34	7	20	4	26	0	0	324	0.33024691358	0.795151515152	85.4210526316	17.0526315789	169	121	28	17	35	54	53	47	27	21	10	14	2	1	1	2	1	0	0	0	1	0	0	0	55	107	0	18	1	18.0	1650.0	324.0	0	0	15	0
2843	0.000703482237074	0.0225114315864	0.182201899402	158	35	49	90	260	57	65	155	171	2	24	81	57	162	199	42	2	119	163	198	54	21	44	1	36	1	0	548	0.383211678832	0.80056278579	87.875	17.125	280	197	47	10	85	115	113	72	41	35	17	12	9	8	0	2	0	0	0	0	0	0	0	0	53	224	0	31	1	31.0	2843.0	548.0	0	0	0	1
4052	0.00567620927937	0.0357847976308	0.171273445212	235	37	68	141	372	59	74	175	241	4	28	110	92	260	234	81	2	206	225	301	96	34	66	7	60	0	6	735	0.355102040816	0.807502467917	100.325	18.375	387	288	54	21	98	141	137	90	50	52	45	30	9	10	8	0	2	0	1	0	0	0	0	0	91	285	0	39	1	39.0	4052.0	735.0	0	0	20	1
8755	0.00948029697316	0.0338092518561	0.16904625928	586	101	165	310	795	157	124	396	492	11	71	290	176	466	466	147	3	481	394	647	194	69	150	2	137	10	30	1582	0.369785082174	0.804111936037	92.1382978723	16.829787234	691	498	107	50	223	306	242	173	138	106	66	93	36	24	8	4	4	2	0	0	0	0	0	0	246	548	0	93	1	93.0	8755.0	1582.0	1	0	24	0
1854	0.00377562028047	0.0258899676375	0.177454153182	129	28	69	56	196	40	25	94	86	1	13	46	22	107	105	16	0	91	93	160	41	17	28	1	22	0	2	342	0.391812865497	0.81067961165	122.666666667	22.8	173	125	21	5	53	76	69	33	26	30	16	10	3	4	0	5	0	0	0	0	0	0	0	0	22	151	0	14	1	14.0	1854.0	342.0	0	0	0	0
1913	0.0156821745949	0.0522739153163	0.175117616309	129	23	45	63	177	33	16	61	96	5	10	70	36	110	115	38	0	81	101	154	43	15	35	7	29	1	0	356	0.384831460674	0.80501829587	81.5454545455	16.1818181818	212	162	29	4	57	76	67	39	31	18	18	9	7	5	1	2	0	1	1	0	0	0	0	0	41	136	0	21	1	21.0	1913.0	356.0	0	0	7	0
1839	0.0	0.0538336052202	0.168569874932	104	27	39	56	171	30	38	71	108	3	18	59	73	111	127	26	0	98	99	108	27	8	23	2	29	4	4	335	0.331343283582	0.808047852094	64.6071428571	11.9642857143	219	179	23	10	42	59	59	32	33	36	15	13	4	6	1	0	1	0	0	0	0	0	0	0	45	106	0	27	1	27.0	1839.0	335.0	0	0	4	0
3878	0.00412583806086	0.0293965961836	0.167096441465	269	55	81	112	382	70	62	157	253	10	17	160	68	206	214	54	7	209	223	287	73	37	76	3	38	5	2	674	0.344213649852	0.817431665807	103.837837838	18.2162162162	317	205	58	22	84	126	106	86	70	53	33	27	20	16	5	0	1	0	0	0	0	0	0	0	80	289	0	36	1	36.0	3878.0	674.0	0	0	1	1
3219	0.0276483379932	0.0556073314694	0.153774464119	238	67	101	78	257	37	43	101	162	10	30	135	80	146	161	86	1	160	157	212	66	23	43	6	49	1	48	563	0.316163410302	0.812985399192	131.916666667	23.4583333333	291	225	31	23	75	80	77	69	41	29	22	27	10	14	4	4	3	10	5	0	0	3	0	0	157	147	0	23	1	23.0	3219.0	563.0	0	4	4	0
1619	0.00494132180358	0.0370599135269	0.160592958616	106	19	38	35	141	26	27	55	102	0	8	60	38	103	93	43	2	77	90	141	49	6	25	1	18	0	1	265	0.320754716981	0.810376775788	145.454545455	24.0909090909	146	97	28	7	36	42	41	47	20	16	20	13	13	3	3	0	0	0	0	0	0	0	0	0	48	102	0	10	1	10.0	1619.0	265.0	0	12	10	0
6637	0.00331475064035	0.0239566069007	0.167545577821	506	114	146	195	631	106	118	269	379	6	34	182	152	344	385	147	0	329	359	518	140	41	84	9	100	3	3	1211	0.319570602808	0.81557932801	149.636363636	27.5227272727	547	390	73	35	156	196	191	163	98	110	56	48	30	15	7	4	2	1	0	1	0	0	0	0	115	444	0	43	1	43.0	6637.0	1211.0	0	0	27	0
11690	0.0193327630453	0.0480752780154	0.156030795552	750	127	321	326	1164	201	154	449	748	38	67	450	307	604	627	202	5	529	610	816	203	112	177	13	147	1	127	1997	0.334001001502	0.81625320787	114.752475248	19.7722772277	731	474	99	48	248	370	246	228	176	182	118	97	44	25	9	10	4	2	1	0	0	3	2	0	378	654	0	100	1	100.0	11690.0	1997.0	0	0	31	1
1719	0.0	0.0523560209424	0.166375799884	109	17	34	51	153	29	32	81	98	5	9	45	38	98	118	25	0	83	94	143	36	21	33	0	28	4	1	305	0.35737704918	0.816753926702	82.25	15.25	179	132	25	9	40	60	45	37	17	27	19	19	7	2	1	4	0	0	0	0	0	0	0	0	35	124	0	19	1	19.0	1719.0	305.0	0	0	14	1
1507	0.0325149303251	0.0451227604512	0.173855341739	87	15	41	40	118	22	25	47	75	6	3	61	31	99	95	42	0	69	64	104	29	13	24	0	20	0	29	273	0.421245421245	0.78898473789	106.714285714	19.5	157	115	20	14	53	46	25	39	27	25	10	12	4	4	1	0	0	1	0	0	0	0	0	0	66	92	0	13	1	13.0	1507.0	273.0	0	0	13	0
1365	0.00586080586081	0.0271062271062	0.173626373626	97	24	27	26	110	25	29	50	80	4	11	51	24	64	89	23	0	77	85	105	38	9	22	1	21	0	0	247	0.356275303644	0.812454212454	112.833333333	20.5833333333	167	133	20	8	32	48	47	31	22	16	18	6	6	2	1	0	1	0	0	0	0	0	0	0	21	94	0	11	1	11.0	1365.0	247.0	0	0	0	1
1350	0.00888888888889	0.0496296296296	0.164444444444	71	19	40	40	122	22	22	55	85	3	6	44	39	72	81	29	1	63	90	95	35	9	11	2	16	0	6	240	0.3125	0.819259259259	121.818181818	21.8181818182	159	131	14	5	32	38	34	28	25	22	20	12	3	3	1	0	0	0	0	0	0	0	0	0	24	80	0	10	1	10.0	1350.0	240.0	0	0	6	0
6260	0.00654952076677	0.0337060702875	0.170447284345	442	89	155	191	587	100	101	238	357	5	41	215	120	379	351	121	3	293	324	501	114	45	107	7	88	6	11	1082	0.374306839187	0.803514376997	106.931034483	18.6551724138	490	342	73	38	159	204	184	132	96	107	60	35	21	10	12	3	2	1	0	0	0	0	0	0	172	438	0	57	1	57.0	6260.0	1082.0	0	22	37	0
1416	0.000706214689266	0.034604519774	0.169491525424	97	10	29	42	123	26	39	57	79	6	7	47	17	88	97	38	0	69	62	117	16	12	18	0	19	0	4	266	0.327067669173	0.808615819209	126.909090909	24.1818181818	149	101	32	13	37	37	47	31	22	19	10	8	7	5	4	0	1	0	0	0	0	0	0	0	35	94	0	10	1	10.0	1416.0	266.0	0	1	3	0
1827	0.00218938149973	0.0487137383689	0.16310892173	127	25	55	56	159	16	25	67	110	8	17	56	48	105	99	46	0	97	83	131	59	10	24	1	27	2	5	329	0.303951367781	0.814997263273	95.2105263158	17.3157894737	199	152	28	11	39	50	52	33	33	33	18	11	11	5	1	1	0	1	0	0	0	0	0	0	44	120	0	18	1	18.0	1827.0	329.0	0	0	7	1
1305	0.00153256704981	0.0873563218391	0.164750957854	90	20	43	47	126	29	18	55	62	3	11	34	34	61	80	12	0	81	63	111	18	7	22	3	22	2	1	230	0.308695652174	0.821455938697	134.666666667	25.5555555556	153	117	25	5	21	45	39	27	21	27	11	11	6	1	0	2	0	0	0	0	0	0	0	0	21	84	0	8	1	8.0	1305.0	230.0	0	0	3	1
1727	0.0011580775912	0.0312680949624	0.159814707585	131	26	40	34	185	26	25	83	127	2	11	51	36	106	95	42	0	77	107	126	28	7	30	2	22	0	7	279	0.347670250896	0.823972206138	189.888888889	31.0	171	131	19	7	41	49	38	40	31	18	13	15	10	6	4	4	0	0	0	0	1	0	0	0	30	115	0	8	1	8.0	1727.0	279.0	0	4	3	0
1533	0.0	0.0130463144162	0.182648401826	86	18	27	53	168	31	21	78	82	1	6	54	25	86	99	29	0	78	73	103	22	16	31	1	28	0	1	290	0.403448275862	0.800391389432	112.416666667	24.1666666667	169	125	24	16	46	54	44	45	29	23	8	4	6	1	2	2	0	0	0	0	0	0	0	0	27	144	0	11	1	11.0	1533.0	290.0	0	0	0	1
3419	0.0184264404797	0.0374378473238	0.161743199766	228	61	91	112	368	48	48	105	199	4	9	119	87	217	184	45	0	154	155	276	53	48	60	5	33	0	13	556	0.354316546763	0.811055864288	73.347826087	12.0869565217	295	214	45	11	75	111	88	50	49	88	34	15	14	8	11	0	0	0	0	0	0	0	0	0	94	170	0	45	1	45.0	3419.0	556.0	0	6	18	0
1217	0.00493015612161	0.0312243221035	0.161051766639	81	19	28	36	115	14	21	66	80	3	7	46	20	63	72	27	0	61	72	66	27	6	24	2	13	2	6	210	0.371428571429	0.814297452753	74.9375	13.125	130	102	13	12	30	36	28	20	17	13	10	13	12	2	1	0	2	0	0	0	0	0	0	0	32	72	0	15	1	15.0	1217.0	210.0	0	0	5	1
3144	0.00349872773537	0.0464376590331	0.174300254453	204	39	60	107	266	48	51	108	209	6	24	122	62	203	212	39	2	140	200	201	65	24	56	5	48	3	3	572	0.361888111888	0.808842239186	97.28125	17.875	316	234	40	10	82	115	90	88	49	54	25	19	10	5	1	0	1	0	0	0	0	0	0	0	59	223	0	31	1	31.0	3144.0	572.0	0	0	3	1
1472	0.0122282608696	0.0536684782609	0.16847826087	103	18	18	53	143	26	32	68	72	2	7	46	31	87	94	27	0	79	66	98	17	15	29	2	19	0	7	257	0.396887159533	0.80027173913	94.0	17.1333333333	120	62	33	10	39	51	27	30	36	20	14	14	1	0	1	2	1	0	0	0	0	0	0	0	52	99	0	14	1	14.0	1472.0	257.0	0	6	6	0
32431	0.00209675927353	0.0233110295705	0.163146372298	2249	444	827	1007	3065	463	469	1338	1905	33	202	1229	687	1786	1767	678	18	1588	1730	2409	820	264	469	47	483	26	110	5701	0.334502718821	0.815762696186	125.6875	22.26953125	2012	1411	290	189	733	982	826	668	461	494	294	250	166	102	69	31	13	7	1	1	1	0	0	0	710	2117	0	255	1	255.0	32431.0	5701.0	0	0	121	0
156	0.0384615384615	0.0192307692308	0.160256410256	12	2	4	4	17	2	5	2	10	0	1	9	6	9	6	5	0	4	9	6	4	1	1	0	3	0	0	26	0.307692307692	0.826923076923	51.3333333333	8.66666666667	26	26	0	1	4	3	5	5	2	1	3	1	0	0	0	0	1	0	0	0	0	0	0	0	3	7	0	2	1	2.0	156.0	26.0	0	0	0	1
5544	0.0126262626263	0.0487012987013	0.162878787879	381	73	174	144	507	83	81	220	319	11	26	187	121	304	308	84	4	303	326	405	107	40	119	5	66	20	22	933	0.349410503751	0.815295815296	103.622641509	17.6037735849	458	335	57	17	141	168	145	105	73	92	64	56	18	8	5	6	2	1	0	0	0	1	0	0	133	349	0	52	1	52.0	5544.0	933.0	0	0	7	1
923	0.00541711809317	0.044420368364	0.172264355363	69	11	36	20	82	16	10	47	54	1	9	32	19	44	62	16	0	51	56	71	8	8	11	1	10	0	1	160	0.36875	0.811484290358	114.5	20.0	110	84	16	1	26	32	29	25	15	11	11	5	2	0	2	0	0	1	0	0	0	0	0	0	15	64	0	7	1	7.0	923.0	160.0	0	0	0	0
2148	0.00186219739292	0.024208566108	0.165270018622	138	34	59	68	186	27	26	82	133	3	18	106	31	132	137	28	0	96	124	155	35	14	36	0	51	1	5	379	0.335092348285	0.816108007449	133.3125	23.6875	201	148	21	11	44	68	63	48	28	28	17	22	8	5	5	5	0	0	0	0	0	0	0	0	40	139	0	15	1	15.0	2148.0	379.0	0	0	11	1
2828	0.00636492220651	0.039603960396	0.177157001414	158	54	58	87	282	37	46	101	192	9	24	121	56	161	158	44	2	119	151	195	54	21	52	10	43	1	6	518	0.378378378378	0.803748231966	96.5517241379	17.8620689655	290	214	40	29	81	86	106	52	52	37	17	13	16	7	2	2	1	1	0	0	0	0	0	0	56	223	0	28	1	28.0	2828.0	518.0	0	0	2	1
3992	0.00475951903808	0.0305611222445	0.165831663327	286	52	126	106	327	48	53	171	247	4	21	143	104	213	241	104	2	187	188	299	112	27	62	6	71	3	10	696	0.360632183908	0.816132264529	125.161290323	22.4516129032	377	281	48	19	93	139	132	54	63	46	29	31	30	13	4	7	1	1	1	0	0	0	0	0	78	281	0	30	1	30.0	3992.0	696.0	0	0	0	1
1859	0.0	0.038730500269	0.181818181818	104	24	34	55	167	25	24	66	110	1	19	49	54	94	132	20	1	86	101	159	34	8	39	4	31	1	3	364	0.43956043956	0.791285637439	76.375	15.1666666667	206	155	27	15	71	74	60	27	27	21	16	13	9	3	1	0	2	0	0	0	0	0	0	0	56	148	0	23	1	23.0	1859.0	364.0	0	0	0	0
2432	0.00452302631579	0.0345394736842	0.169819078947	181	37	71	83	211	35	35	116	176	7	10	81	66	127	135	24	0	105	131	179	36	16	43	0	32	4	0	440	0.347727272727	0.815378289474	127.052631579	23.1578947368	235	167	38	14	57	82	78	48	37	36	24	18	9	4	2	0	4	1	0	0	0	0	0	0	43	161	0	18	1	18.0	2432.0	440.0	0	0	0	1
1243	0.00724054706356	0.0329847144006	0.161705551086	75	9	21	39	120	27	30	48	69	2	7	41	28	75	76	20	1	71	61	101	27	9	17	1	20	1	15	211	0.369668246445	0.814159292035	97.25	17.5833333333	143	117	15	3	32	43	47	20	10	17	15	5	2	3	1	1	1	0	0	0	1	0	0	0	32	85	0	11	1	11.0	1243.0	211.0	0	0	5	1
2968	0.0117924528302	0.0424528301887	0.172169811321	171	41	74	109	268	42	58	101	176	7	23	90	51	193	176	55	2	132	145	202	59	22	53	8	45	4	5	558	0.365591397849	0.807277628032	117.72	22.32	287	209	36	25	72	106	93	46	51	50	20	24	13	5	2	1	0	2	0	0	0	0	0	0	63	202	0	24	1	24.0	2968.0	558.0	0	2	16	1
1106	0.00452079566004	0.0424954792043	0.167269439421	80	11	26	42	81	20	17	48	73	3	13	39	26	65	76	16	0	46	49	76	20	6	29	0	14	3	5	189	0.386243386243	0.80198915009	136.125	23.625	122	93	13	5	22	43	32	21	17	13	9	9	6	2	4	0	0	0	0	0	0	0	0	0	37	68	0	7	1	7.0	1106.0	189.0	0	6	10	0
4876	0.00164068908942	0.0574241181296	0.165709598031	350	71	152	130	429	66	86	192	278	11	21	188	79	281	300	77	2	242	270	414	99	45	79	2	61	5	7	816	0.390931372549	0.809269893355	117.926829268	19.9024390244	397	266	72	15	119	185	120	97	65	77	46	35	21	14	7	2	5	0	0	1	0	0	0	0	128	328	0	40	1	40.0	4876.0	816.0	0	21	0	0
100	0.03	0.12	0.18	4	1	1	1	9	1	4	3	2	0	1	1	1	3	14	3	0	7	4	6	3	0	0	1	3	0	0	20	0.55	0.76	13.8	4.0	18	17	1	0	2	9	1	4	1	1	1	0	0	0	0	0	0	0	0	0	0	0	0	0	6	9	0	4	1	4.0	100.0	20.0	0	0	0	1
3471	0.00345721694036	0.0178622875252	0.178046672429	191	54	71	92	327	57	65	156	182	3	29	112	48	197	278	67	0	161	144	244	80	21	57	2	75	4	1	678	0.351032448378	0.804091040046	114.733333333	22.6	290	190	49	11	119	108	136	62	78	40	13	30	13	2	2	4	1	0	0	0	0	0	0	0	74	263	0	29	1	29.0	3471.0	678.0	0	0	2	1
1696	0.0	0.0442216981132	0.173349056604	134	21	42	66	134	23	25	70	81	1	12	54	42	98	110	25	0	73	87	118	53	12	32	0	35	0	0	304	0.361842105263	0.797169811321	92.7222222222	16.8888888889	167	112	28	9	47	54	62	35	23	29	18	7	7	2	2	0	0	0	0	0	0	0	0	0	54	133	0	17	1	17.0	1696.0	304.0	0	12	7	0
